part_number,description,cost
VP229E-20BQHNT,SMARTX PIBCV DN20 - HIGH FLOW,204.43
VP228E-20BQSNT,SMARTX PIBCV DN20 - STD FLOW,138.5
MP300-SRD,SR CLOSE ACTUATOR-MULTI SIGNAL,266.55
TC903-3A2P-24,"TStat,FCU-P,LCD,2P,24V,Wt",114.48
8770003000,Actuator Damper LF24-SR,275.22
9814000388,Venturi Pipe - 0.6 m,52.97
6553065000,VR-1.5M,81.78
6553066000,VR-2.8M,132.77
MP130-24MP-0,0(2)-10V Mod. act. + feedback,178.98
MP130-24MP,0(2)-10V MOD. ACT. + FEEDBACK,205.84
MP130-24MP-10M,0(2)-10V MOD. ACT. + FEEDBACK,207.04
MP130-24MP-10M-0,0(2)-10V Mod. act. + feedback,207.04
MP130-24M-10M,0(2)-10V MODULATING ACT. 10M,181.53
MP130-24M-10M-0,"0(2)-10V Modulating act., 10m",181.53
MP130-24M-0,0(2)-10V Modulating actuator,153.4
MP130-24M,0(2)-10V MODULATING ACTUATOR,164.23
9114500500-0,0.5m Digital daisy chain cable,36.99
SXWRE0104PD10001,0-10V Dimming module with power distribu,696.74
SXWRE010410001,0-10V Dimming module without power distr,542.31
MP125NC24DCM,0-10V Thermal Act DC,128.67
MP125NO24M,0-10V Thermal Act NO,128.67
MP125NC24M,"0-10V Thermal Actuator, 24 Vac, NC",128.67
9114401500-0,1.5m Digital cable,31.78
9114501500-0,1.5m Digital daisy chain cable,36.99
9114801500-0,1.5m immersion temp. sensor,121.42
9114601500-0,1.5m Remote IO cable,53.94
9114701500-0,1.5m strap on temp. sensor,126.65
SXWHHREL10001,"10 Channel Relay Module, 10xDO + 12xDI (",402.26
9114410000-0,10m Digital cable,84.36
9114510000-0,10m Digital daisy chain cable,84.36
MPCAB10M,"10M Valve Actuator Cable, 5 pcs",262.58
MF1450-230F,230V 1450NM DN400-450 FLOAT.,11082.21
MF200-230F,230V 200NM DN200..250 FLOAT.,3154.25
MF2050-230F,230V 2050NM DN500 FLOAT.,13363.98
MF68-230F,230V 68NM DN050..150 FLOAT.,2593.46
MF700-230F,230V 700NM DN250..500 FLOAT.,4703.96
MF200-24F,24V 200NM DN200..250 FLOAT.,4275.66
MF200-24M,24V 200NM DN200..250 MOD.,6020.08
MF550-24F,24V 550NM DN250..450 FLOAT.,6486.99
MF550-24M,24V 550NM DN250..450 MOD.,8463.97
MF68-24F,24V 68NM DN050..150 FLOAT.,2741.42
MF68-24M,24V 68NM DN050..150 MOD.,4485.99
VS-7223-804-4-09,2-WAY VLV ASSEMBLY W/ SR LINEA,778.65
9112112010,2xDN10 Conn. G1/2 - R3/8 Male,9.89
9112112010-0,2xDN10 Conn. G1/2 - R3/8 Male,10.97
9112113010,2XDN10 CONN. G1/2- 15MM SOLDER,14.17
9112113010-0,2xDN10 Conn. G1/2- 15mm Solder,21.14
9112111010,2xDN10 Conn. G1/2-G1/2Female,12.79
9112111010-0,2xDN10 Coupler G1/2-G1/2Female,15.26
9112112015,2xDN15 Conn. G3/4 - R1/2 Male,11.1
9112112015-0,2xDN15 Conn. G3/4 - R1/2 Male,12.13
9112113015,2XDN15 CONN. G3/4- 15MM SOLDER,13.95
9112113015-0,2xDN15 Conn. G3/4- 15mm Solder,20.76
9112113115,2XDN15 CONN. G3/4- 22MM SOLDER,21.39
9112113115-0,2xDN15 Conn. G3/4- 22mm Solder,25.48
9112111015,2xDN15 Conn. G3/4-G1/2Female,26.84
9112111015-0,2xDN15 Coupler G3/4-G1/2Female,16.05
9112113020,2xDN20 Conn. G1 - 15mm Solder,18.91
9112113020-0,2xDN20 Conn. G1 - 15mm Solder,28.3
9112113120,2XDN20 CONN. G1 - 22MM SOLDER,20.48
9112113120-0,2xDN20 Conn. G1 - 22mm Solder,30.5
9112115020,2XDN20 CONN. G1 - 26.9MM WELD,15.3
9112115020-0,2xDN20 Conn. G1 - 26.9mm Weld,18.28
9112111020,2xDN20 Conn. G1 - G1/2 Female,19.53
9112111020-0,2xDN20 Conn. G1 - G1/2 Female,25.98
9112112020,2xDN20 Conn. G1 - R3/4 Male,15.07
9112112020-0,2xDN20 Conn. G1 - R3/4 Male,15.15
9112112025,2xDN25 Conn. G1.1/4 - R1 Male,25.44
9112112025-0,2xDN25 Conn. G1.1/4 - R1 Male,27.96
9112115025,2XDN25 CONN. G1.1/4- 33.7 WELD,23
9112115025-0,2xDN25 Conn. G1.1/4- 33.7 Weld,28.46
9112113025,2XDN25 CONN.G1.1/4-28MM SOLDER,33.35
9112113025-0,2xDN25 Conn.G1.1/4-28mm Solder,49.95
9112111025,2xDN25 Conn.G1.1/4-G3/4 Female,29.3
9112111025-0,2xDN25 Conn.G1.1/4-G3/4 Female,33.66
9112115032,2XDN32 CONN. G1.1/2- 42.4 WELD,29.05
9112115032-0,2xDN32 Conn. G1.1/2- 42.4 Weld,34.94
9112111032,2xDN32 Conn. G1.1/2- G1 Female,38.14
9112111032-0,2xDN32 Conn. G1.1/2- G1 Female,45.75
9112113032,2XDN32 CONN.G1.1/2-35MM SOLDER,55.47
9112113032-0,2xDN32 Conn.G1.1/2-35mm Solder,61.4
9112112032,2XDN32 CONN.G1.1/2-R1.1/4 MALE,34.45
9112112032-0,2xDN32 Conn.G1.1/2-R1.1/4 Male,37.86
9112113040,2XDN40 CONN. G2 - 42MM SOLDER,291.82
9112113040-0,2xDN40 Conn. G2 - 42mm Solder,291.82
9112115040,2XDN40 CONN. G2 - 48.3 WELD,65.15
9112115040-0,2xDN40 Conn. G2 - 48.3 Weld,78.14
9112112040,2XDN40 CONN. G2 - R1.1/2 MALE,75.7
9112112040-0,2xDN40 Conn. G2 - R1.1/2 Male,83.22
9112111040,2xDN40 Conn. G2- G1.1/4 Female,62.79
9112111040-0,2xDN40 Conn. G2- G1.1/4 Female,75.33
9112113050,2XDN50 CONN. G2.1/2- 54MM SOLD,337.45
9112113050-0,2xDN50 Conn. G2.1/2- 54mm Sold,337.45
9112115050,2XDN50 CONN. G2.1/2- 60.3 WELD,188.24
9112115050-0,2xDN50 Conn. G2.1/2- 60.3 Weld,225.87
9112111050,2xDN50 Conn. G2.1/2- G1.1/2 F.,100.51
9112111050-0,2xDN50 Conn. G2.1/2- G1.1/2 F.,120.58
9112112050,2XDN50 CONN. G2.1/2 TO R2 MALE,115.9
9112112050-0,2xDN50 Conn. G2.1/2 to R2 Male,127.51
RS-03,3M length NTC10k sensor 10/set,81.78
7210714000,4.3ve 2Way Zone VZ22/15/0.63,44.4
9114505000-0,5m Digital daisy chain cable,58.01
VB601R-15B-0,6 way DN15 Change over valve,446.93
VB601R-20B-0,6 way DN20 Change over valve,574.8
MB10-24T-ENGY-0,6w valve act. +MP90 energy,413.88
MB10-24T-FLEX-0,6w valve act. +MP90 flex cable,393.95
MB10-24T-PLUG-0,6w valve act. +MP90 plug conn.,380.26
HMIST6400SL,"7.0"" BACnet Operator Display",880.44
KAD24V,"Acc,230 VAC Power for Deluxe Disp",122.04
KAE230V,"Acc,230 VAC Power for Eco Disp",81.4
KAD230V,"Acc,24 VAC Power for Deluxe Disp",122.04
KAE24V,"Acc,24 VAC Power for Eco Disp",81.4
KA602KIT,"Acc,602 replacement kit for MC/MK",314.32
KA420A,"Acc,Anlg Out Module,Dual 4-20 mA",438.87
KABACN,"Acc,BACnet MS/TP Out Module",319.75
KABATD,"Acc,D-Cell Battery With Cable & Con",81.4
KAOPTC,"Acc,IR Optical to USB Data Cable",870.12
KADLON,"Acc,LON Out Module for Deluxe Dis",438.87
KAMBUS,"Acc,M-Bus Out Module",138.27
KAMODR,"Acc,Modbus RTU Out Module",319.75
KAMODT,"Acc,Modbus TCP Out for Deluxe Disp",438.87
KADCCAL,"Acc,Replacement calculator,KDC",655.55
KADFCAL,"Acc,Replacement calculator,KDF",655.55
KADHCAL,"Acc,Replacement calculator,KDH",655.55
KADKCAL,"Acc,Replacement calculator,KDK",655.55
KADBOX,"Acc,Sig Cable box for Deluxe Disp",143.7
KADCB10,"Acc,Sig Cable,10 m for Deluxe Disp",81.4
KADCB05,"Acc,Sig Cable,5 m for Deluxe Disp",43.41
KAPO65,"Acc,Temp Sens Pkt Wel,65mm,Pair",56.97
KAPO90,"Acc,Temp Sens Pkt Wel,90mm,Pair",56.97
KASENA,"Acc,Temp Sensor Set,1.5 m Cable",122.04
KASEND,"Acc,Temp Sensor Set,10 m Cable",276.34
KASENB,"Acc,Temp Sensor Set,3m Cable",138.27
KASENC,"Acc,Temp Sensor Set,5 m Cable",241.15
KADBRK,"Acc,Wall Mount Bracket for Deluxe Disp",10.97
KAEBRK,"Acc,Wall Mount Bracket for Eco Disp",5.5
AG13U000,ACT 2POS SR NC 230V GCO 6INLD,48.59
AG13U23A,ACT 2POS SR NC 230V GCO CORD,72.5
AG13U230,ACT 2POS SR NC 230V GCO CORD,98.36
AH13U000,ACT 2POS SR NC 230V HCO 6INLD,59.5
AH13U230,ACT 2POS SR NC 230V HCO CORD,121.67
AG13A230,ACT 2POS SR NC 24V GCO CORD,68.54
AG23U230,ACT 2POS SR NO 230V GCO CORD,98.36
AT33A000,ACT MOD FLTG NSR TERM,106.33
SXWSWLNSX00001,Activation Key for OpenLNS Server (no,1114.3
MB10-24T-0,"Actuator - 6w valve, 2 Pos.",197.18
MB10-24T-10M-0,"Actuator - 6w valve, 2 Pos.10M",245.9
8750003000,Actuator Damper LF230,274.62
8740003000,Actuator Damper LF24,195.39
8751019000,Actuator Damper MD10A-24,354.03
8751011000,Actuator Damper MD10B-230,159.14
8751015000,Actuator Damper MD10B-24,138.61
8751029000,Actuator Damper MD20A-24,254.06
8751021000,Actuator Damper MD20B-230,209.74
8751025000,Actuator Damper MD20B-24,172.67
8751039000,Actuator Damper MD40A-24,355.6
8751035000,Actuator Damper MD40B-24,305.73
8751009000,Actuator Damper MD5A-24,184.03
8751001000,Actuator Damper MD5B-230,111.68
8751003000,Actuator Damper MD5B-230-S,127.51
8751005000,Actuator Damper MD5B-24,115.15
8751007000,Actuator Damper MD5B-24-S,142.98
8800450000,Actuator valve M1500,441.62
8800451000,Actuator valve M1500-S2,561.11
8900104000,Actuator valve M22A-24V,1709.43
8900110000,Actuator valve M22B-230V,1045.37
8900112000,Actuator valve M22B-230V-S2,1143.33
8900106000,Actuator valve M22B-24V,1231.03
8800210030,Actuator valve M310,476.68
8800211030,Actuator valve M310 S2,533.84
8800230030,Actuator valve M400,296.49
8800231030,Actuator valve M400 S2,380.45
8900210000,Actuator valve M50B-230V,1738.94
8900206000,Actuator valve M50B-24V,2217.64
8800431000,Actuator valve M700-S2-SRSU,788.88
8800430000,Actuator valve M700-SRSU,833.98
8800310030,Actuator valve M800,477.66
8800311030,Actuator valve M800 S2,535.69
MG900-SD,Actuator valve MG900 SRD-24FM T54 00,625.52
MG900-SU,Actuator valve MG900 SRU-24FM T54 00,468.72
8455111000,Actuator Zone MZ 09B 2 5mm,102.74
8455112000,Actuator Zone MZ 09L(LON)2 5mm,322.73
8455101000,ACTUATOR ZONE MZ 18B 6.5MM (84,105.93
8455102000,Actuator Zone MZ 18L(LON)6 5mm,350.28
8455051000,Actuator Zone MZ20A 5 5mm,217.46
8455052000,Actuator Zone MZ20A-R 5 5mm,198.63
8455003000,ACTUATOR ZONE MZ20B-230 5 5MM,144.45
8455001000,ACTUATOR ZONE MZ20B-24 5.5MM,95.87
8601110000,ACUATOR VALVE EM9/180 (8601110,500.56
8601100000,ACUATOR VALVE EM9/90 (86011000,500.56
8601020000,ACUATOR VALVE M9B/230 (8601020,281.43
8601010000,ACUATOR VALVE M9B/24 (86010100,281.43
SXWADBUND10003,AD v3 Device,2120.09
SXWADWIFI10001,AD v3 Wi-Fi Module,122.14
8800135000,Adap.OAB/TA+Steem adapt UNF3/8,165.11
MP125ADZ80,"Adaptor VZ22,VZ32,VZ42, 20 pcs",61.42
SXWSWESEC00003,Add 3 ES to EC - 2,15104.91
SXWSWESEC00005,Add ES to EC - 5,29001.28
AV-821,ADPT KIT FORTA VB-7XXX,70.2
8800112000,ADVC2-UL-FT-FV-230-STD-ENG,1364.36
8800113000,ADVC2-UL-INT-FT-FV-230-STD-ENG,1364.36
8800129000,AG52 linkage - VSB VMB VSB_F,53.65
VFXP10,Air Velocity Averaging Pitot Tube 10 in,226.21
VFXP12,Air Velocity Averaging Pitot Tube 12 in,248.38
VFXP14,Air Velocity Averaging Pitot Tube 14 in,277.76
VFXP06,Air Velocity Averaging Pitot Tube 6 in,188.89
VFXP08,Air Velocity Averaging Pitot Tube 8 in,198.25
FLO-02A12LM,"Aluminum flow meter, digital, pulse, 1-i",681.45
FLO-02A31GM,"Aluminum flow meter, digital, pulse, 1-i",681.45
SXWAO8XXX10001,AO-8 8 ANALOG OUT V/mA,365.63
SXWAO8HXX10001,AO-8-H 8 ANALOG OUT V/mA HAND,529.65
SXWAOV8XX10001,AO-V-8 8 ANALOG OUT VOLTAGE,301.96
SXWAOV8HX10001,AO-V-8-H 8 ANALOG OUT V HAND,480.07
SXWSWASUP00001,AS Upgarde,394.86
SXWSWXBBU050FU,ASB Bundle - Full,2047.71
SXWSWXBBU010SD,ASB Bundle - Standard,443.69
SXWSWXBBUPSDFU,ASB Bundle upgrade - Standard to Full,1682.06
SXWSWASBUP34FU,ASB Upgrade - Full,564.25
SXWSWASBUP34SD,ASB Upgrade - Standard,112.94
SXWSWASBUP40FU,ASB Upgrade from 4.x - Server - Full,781.32
SXWSWASBUP40SD,ASB Upgrade from 4.x - Server - Standard,279.06
SXWSWASBUP30FU,ASB Upgrade SpaceLogic Server - Full,656.98
SXWSWASBUP30SD,ASB Upgrade SpaceLogic Server - Standard,172.27
6553063000,aSENSE m III CO&CO2 Combi,1689.97
6553064000,aSENSE m III-K CO&CO2 Combi,1689.97
SXWSWXBU0000EN,ASP Bundle - Enhanced,2275.21
SXWSWXBU0000FU,ASP Bundle - Full,4550.38
SXWSWXBU0000SA,ASP Bundle - Standalone,390.09
SXWSWXBU0000SD,ASP Bundle - Standard,1300.15
SXWSWXUP00ENFU,ASP Bundle upgrade - Enhanced to Full,2102.55
SXWSWXUP00SAEN,ASP Bundle upgrade - Standalone to Enhcd,1962.37
SXWSWXUP00SAFU,ASP Bundle upgrade - Standalone to Full,4205.04
SXWSWXUP00SASD,ASP Bundle upgrade - Standalone to Stand,911.14
SXWSWXUP00SDEN,ASP Bundle upgrade - Standard to Enhancd,1051.3
SXWSWXUP00SDFU,ASP Bundle upgrade - Standard to Full,3153.82
SXWSWASPUP40EN,ASP Upgrade from 4.x - Server - Enhanced,840.38
SXWSWASPUP40FU,ASP Upgrade from 4.x - Server - Full,1476.6
SXWSWASPUP40SD,ASP Upgrade from 4.x - Server - Standard,503.76
SXWSWASPUP40SA,ASP Upgrade from 4.x -Server-Standalone,235.4
SXWSWASPUP30EN,ASP Upgrade Non-Secure Boot - Enhanced,592.78
SXWSWASPUP34EN,ASP Upgrade Non-Secure Boot - Enhanced,442.31
SXWSWASPUP30FU,ASP Upgrade Non-Secure Boot - Full,931.97
SXWSWASPUP34FU,ASP Upgrade Non-Secure Boot - Full,753.46
SXWSWASPUP30SA,ASP Upgrade Non-Secure Boot - Standalone,117.7
SXWSWASPUP34SA,ASP Upgrade Non-Secure Boot - Standalone,84.92
SXWSWASPUP30SD,ASP Upgrade Non-Secure Boot - Standard,391.62
SXWSWASPUP34SD,ASP Upgrade Non-Secure Boot - Standard,254.18
SXWSWASPUP30BP,ASP Upgrade Non-Secure Boot Full Bulk Pk,9401.02
SXWKITASX10001,Automation Server Hardware Kit,6118.04
BVA2100-20C,Ball Valve DN100 20Nm,1312
BVA2125-50C,Ball Valve DN125 50Nm,1877
BVA215-3,Ball Valve DN15 3Nm 3-position,205
BVA215-3M,Ball Valve DN15 3Nm modulating,213
BVA2150-50C,Ball Valve DN150 50Nm,2217
BVA220-3,Ball Valve DN20 3Nm 3-position,219
BVA220-3M,Ball Valve DN20 3Nm modulating,228
BVA225-3,Ball Valve DN25 3Nm 3-position,241
BVA225-3M,Ball Valve DN25 3Nm modulating,251
BVA232-5,Ball Valve DN32 5Nm 3-position,272
BVA232-5M,Ball Valve DN32 5Nm modulating,283
BVA240-5,Ball Valve DN40 5Nm 3-position,305
BVA240-5M,Ball Valve DN40 5Nm modulating,317
BVA250-10,Ball Valve DN50 10Nm 3-position,410
BVA250-10M,Ball Valve DN50 10Nm modulating,427
BVA250-5,Ball Valve DN50 5Nm 3-position,348
BVA250-5M,Ball Valve DN50 5Nm modulating,362
BVA2065-20C,Ball Valve DN65 20Nm,911
BVA2080-20C,Ball Valve DN80 20Nm,1003
VAUS-6200-F30-L-18,BFV 10IN 2W 5430CV 2P NSR 24V,8356.7
VAFS-6200-F50-L-19,BFV 12IN 2W 8077CV 2P NSR 24V,12455.02
VSFS-6200-F52-L-19,BFV 12IN 2W 8077CV PR NSR 24V,14776.7
VAUS-6200-F20-L-17,BFV 8IN 2W 3316CV 2P NSR 24V,7477.16
VAFS-6200-F30-L-17,BFV 8IN 2W 3316CV 2P NSR 24V,8336.91
TC303-3A4L,BLUE LCD 4 PIPE DIGITAL FCU TSTAT,57.26
SXWSWCLIENTL999,BO Client-UNL for Linux,146703.16
SXWSWMQTTSRWL1,BO-MQTT Publish/Subscribe-ES for Linux,3757
SXWSWECDBMSL01,BO-MS SQL-EC for Linux,5136.66
SXWSWESDBMSL01,BO-MS SQL-ES for Linux,1596.34
SXWSWESOPCLL01,BO-OPC UA Client-ES for Linux,4494.43
SXWSWECPDFSSL1,BO-PDF Sign-EC for Linux,7073.67
SXWSWESPDFSSL1,BO-PDF Sign-ES for Linux,5115.25
SXWSWDASHL0001,BO-Personal Dashboards for Linux,3387.84
SXWSWECDBPIL01,BO-Pi System-EC for Linux,22564.27
SXWSWESDBPIL01,BO-Pi System-ES for Linux,20224.93
SXWSWECSAMLL01,BO-SAML Authentication-EC for Linux,1635.71
SXWSWESSAMLL01,BO-SAML Authentication-ES for Linux,1425.78
SXWSWSNMPL0001,BO-SNMP Alarming for Linux,1798.03
SXWSWASXSUSPK1,BO-Sustainability Pack-AS,866.81
SXWSWECSUSPKW1,BO-Sustainability Pack-EC,5786.89
SXWSWECSUSPKL1,BO-Sustainability Pack-EC for Linux,6432.1
SXWSWESSUSPKW1,BO-Sustainability Pack-ES,4611.38
SXWSWESSUSPKL1,BO-Sustainability Pack-ES for Linux,5467.06
SXWSWECDBTSL01,BO-Timescale DB-EC for Linux,6687.83
SXWSWESDBTSL01,BO-Timescale DB-ES for Linux,1064.23
SXWSWESSDZRL01,BO-Zoning-ES for Linux,13792.78
SXWSWEDIT00002,Building Operation - Graphics Editor,7474.2
SXWSWASXOPCL01,Building Operation - OPC UA Client - AS,481.5
SXWSWESOPCLW01,Building Operation - OPC UA Client - ES,3160.15
SXWSWASSDZR001,Building Operation - Zoning - AS,3097.13
SXWSWCLIENT0010,Building Operation Client - 10,21641.59
SXWSWCLIENTL010,Building Operation Client - 10 for Linux,30563.16
SXWSWCLIENT0025,Building Operation Client - 25,45829
SXWSWCLIENTL025,Building Operation Client - 25 for Linux,73351.58
SXWSWCLIENT0005,Building Operation Client - 5,11457.34
SXWSWCLIENTL005,Building Operation Client - 5 for Linux,12734.65
SXWSWCLIENTL001,Building Operation Client -1 for Linux,3638.48
SXWSWCLIENT0001,Building Operation Client-1,2544.09
SXWSWCLIENT0999,Building Operation Client-UNL,76321.09
SXWSWASUP00099,Building Operation Upgrade AS - UNL,8205.97
VF209W-100CN,"But.Valve DN100, dP 1200kPa",273.36
VF209W-125CN,"But.Valve DN125, dP 1200kPa",364.54
VF209W-150CN,"But.Valve DN150, dP 1200kPa",416.93
VF209W-200CN,"But.Valve DN200, dP 1200kPa",717.92
VF209W-250CN,"But.Valve DN250, dP 1200kPa",1083.6
VF299W-250CN,"But.Valve DN250, dP 350kPa",1083.6
VF209W-300CN,"But.Valve DN300, dP 1200kPa",1558.27
VF299W-300CN,"But.Valve DN300, dP 350kPa",1532.26
VF209W-350CN,"But.Valve DN350, dP 1000kPa",2539.07
VF299W-400CN,BUT.VALVE DN400 DP 350KPA,3584.53
VF209W-80CN,"But.Valve DN80, dP 1200kPa",220.14
VF208W-100NZ,BUTTERFLY VALVE NODULAR IRON DISC DN100,340.66
VF208W-125NZ,BUTTERFLY VALVE NODULAR IRON DISC DN125,421.45
VF208W-150NZ,BUTTERFLY VALVE NODULAR IRON DISC DN150,621.46
VF208W-200NZ,BUTTERFLY VALVE NODULAR IRON DISC DN200,876.92
VF208W-100NS,BUTTERFLY VALVE SS DISC DN100,398.57
VF208W-125NS,BUTTERFLY VALVE SS DISC DN125,496.87
VF208W-150NS,BUTTERFLY VALVE SS DISC DN150,795.6
VF208W-200NS,BUTTERFLY VALVE SS DISC DN200,1236.74
VF208W-25NS,BUTTERFLY VALVE SS DISC DN25,155.98
VF208W-32NS,BUTTERFLY VALVE SS DISC DN32,172.61
VF208W-40NS,BUTTERFLY VALVE SS DISC DN40,208.79
VF208W-50NS,BUTTERFLY VALVE SS DISC DN50,225.69
VF208W-80NS,BUTTERFLY VALVE SS DISC DN80,300.17
SXWHIO8CABLE10001,"Cables for Multi I/O Module, 8xDI & 8xIO",23.54
9814000293,CALIBRATION CERT - HUM/PRESS,160.12
9814000292,CALIBRATION CERT - TEMP,117.7
S1010E1000,CAPSULE TYPE TEMP SENSOR,49.86
SXWRECBUS10001,C-bus Interface module,431.05
100106780,Circuit board M700-SRSU Spare,344.01
CL-AI-C2-SE,CL - CO2 Sensor- Wall mounted,325.28
SXWSWCMPLPK001,Compliance Pack,7995.6
6553006000,Control unit ABAV-S3 24v,273.39
SXWSCBXSELXX,"Cover Plate,Blank Cover",8.3
SXWSCBPSELXX,"Cover Plate,BlankCover,Occ",227.48
SXWSC3XSELXX,"Cover Plate,Override, Setpoint",67.9
SXWSC3PSELXX,"Cover Plate,Override,Setpoint,Occ",288.46
SXWSCDXSELXX,"Cover Plate,User Interface,Basic",124.06
SXWSCDPSELXX,"Cover Plate,User Interface,Basic,Occ",339.3
SXWSC3PSELXB,"Cover,3B,Override,Setpoint,Occ,Optm Blk",316.43
SXWSC3PSELXW,"Cover,3B,Override,Setpoint,Occ,Optm Wht",316.43
SXWSC3XSELXB,"Cover,3B,Override,Setpoint,Optm Blk",122.7
SXWSC3XSELXW,"Cover,3B,Override,Setpoint,Optm Wht",109.08
SXWSCBPSELXB,"Cover,Blank,Occ,Optm Blk",239.81
SXWSCBPSELXW,"Cover,Blank,Occ,Optm Wht",239.81
SXWSCBXSELXB,"Cover,Blank,Optm Blk",38.02
SXWSCBXSELXW,"Cover,Blank,Optm Wht",32.78
SXWSC2PSELXB,"Cover,Touchscreen,2B Light,Occ,Optm Blk",439.45
SXWSC2PSELXW,"Cover,Touchscreen,2B Light,Occ,Optm Wht",439.45
SXWSC2XSELXB,"Cover,Touchscreen,2B Light,Optm Blk",223.08
SXWSC2XSELXW,"Cover,Touchscreen,2B Light,Optm Wht",223.08
SXWSC4PSELXB,"Cover,Touchscreen,4B Lt/Bld,Occ,Optm Blk",445.93
SXWSC4PSELXW,"Cover,Touchscreen,4B Lt/Bld,Occ,Optm Wht",445.93
SXWSC4XSELXB,"Cover,Touchscreen,4B Lt/Bld,Optm Blk",229.83
SXWSC4XSELXW,"Cover,Touchscreen,4B Lt/Bld,Optm Wht",229.83
SXWSCDPSELXB,"Cover,Touchscreen,Occ,Optm Blk",412.65
SXWSCDPSELXW,"Cover,Touchscreen,Occ,Optm Wht",412.65
SXWSCDXSELXB,"Cover,Touchscreen,Optm Blk",204.72
SXWSCDXSELXW,"Cover,Touchscreen,Optm Wht",196.65
CP-AI-C2-SE,CP - CO2 Sensor- Duct,311
CP-AI-TH-SE-6200,CP - Duct Temp 10KT3 & Humidity Sensor,214
CP-AI-TH-SE-1200,CP - Duct Temp Xmtr & Humidity Sensor,251
CP-AI-TH-SE-5200,CP - Duct Temperature & Humidity Sensor,214
CP-AI-CO-SE,CP- CO Sensor- wall mounted,317
SXWRPCCONWWLIGHT,CRS Connector for DALI (100ea),1315.52
SXWRPCCONWDI,CRS Connector for DI (100ea),887.26
SXWRPCCONWBLHV,CRS Connector for HV Blind o/p (50ea),631.35
SXWRPCCONWWLIGHT2,CRS Connector for lights 0-10V (100ea),1315.52
SXWRPCCONWWLIGHTPD,CRS Connector for lights with PD (50ea),1529.63
SXWRPCCONWWPOW,CRS Connector for power input (100ea),1835.57
SXWRPCCONWWREL,CRS Connector for relay output (100ea,1442.33
SE8350U0B11,CTRL LV FCU RH BN W/WH,513.18
SXWREDAMPD10001,DALI Dimming module with power distribut,696.74
SXWREDALI110001,DALI Dimming module without power distri,542.31
SXWDI16XX10001,DI-16 16 DIGITAL IN,238.42
4701140,Diff Press Switch 1 to 3 bar,363.28
4701110,Diff Press Switch 15 to 60mbar,363.28
4701150,Diff Press Switch 2.5to 5.5bar,363.28
4701120,Diff Press Switch 40to 200mbar,363.28
4701130,Diff Press Switch150to1000mbar,363.28
CP-LI-DP-TR-1600,"Diff Wet Press Transmitter, 0-16bar",510.33
CP-LI-DP-TR-0600,"Diff Wet Press Transmitter, 0-6bar",488.16
6552059000,Diff.Pr.Wat.0-0.5b di907001161,1172.12
6552061000,Diff/Pr.Wat.0-1.6b di914001161,1227.85
6552065000,Diff/Pr.Wat.0-10b di930001161,1172.12
6552060000,Diff/Pr.Wat0-1bar di912001161,1172.12
6552047000,Diff/Pr.Water0-0.5bar907001161,797.62
6552049000,Diff/Pr.Water0-1.6bar914001161,797.62
6552053000,Diff/Pr.Water0-10bar930001161,877.37
6552054000,Diff/Pr.Water0-16bar931001161,1348.89
6552048000,Diff/Pr.Water0-1bar912001161,797.62
6552062000,Diff/Pr.Water0-2.5b d916001161,1346.57
6552050000,Diff/Pr.Water0-2.5bar916001161,797.62
6552063000,Diff/Pr.Water0-4b di918001161,1227.85
6552051000,Diff/Pr.Water0-4bar 918001161,877.37
6552064000,Diff/Pr.Water0-6b di919001161,1172.12
6552052000,Diff/Pr.Water0-6bar 919001161,877.37
SP90-24BMM-0,"Digital actuator, 24 V",464.97
SXWDINEND10001,DIN-RAIL END CLIP 25 PCS,116.22
9114071000-0,DN125 to DN150 Handle,174.02
9114072000-0,DN200 to DN250 Handle,193.11
9114070000-0,DN40 to DN100 Handle,29.46
SXWDOA12X10001,DO-FA-12 12 DIG OUT FORM A,349.66
SXWDOA12H10001,DO-FA-12-H 12 DO FORM A HAND,499.25
SXWDOC8XX10001,DO-FC-8 8 DIG OUT FORM C,308.26
SXWDOC8HX10001,DO-FC-8-H 8 DO FORM C HAND,455.22
5152304000,DUCT CO2 & HUM TRANS VISTA,675.96
5152316000,DUCT CO2 TRANS CONT.,697.36
5152318000,DUCT CO2 TRANS LCD CONT.,848.65
5152302000,DUCT CO2 TRANS LCD VISTA,848.65
5152300000,DUCT CO2 TRANS VISTA,697.36
5152306000,DUCT CO2&HUM TRANS LCD VISTA,895.04
S2020E1000,DUCT MOUNTED SENSOR,116.65
SPMDP,DUCT PM SENSOR ANALOG,501.83
6902331,DuctHumidity &Temperature SensorSHD100-T,488.92
SLEASXXXB,EasyLogic Living Space T Sensor Blank,34.34
SLEASLXXB,EasyLogic Living Space T Sensor Display,103
SXWSWSDRVX0001,EBO SmartDriver - SmartX,820.8
SXWSWSNMPX0001,EBO SNMP Alarming - SmartX,656.69
SXWSWEWSXX0003,EBO WS EWS C+S+Hist - SmartX,7221.33
SXWSWEWSXX0002,EBO WS EWS C+Serve - SmartX,2461.86
SXWSWEWSXX0001,EBO WS EWS Consume - SmartX,492.5
SXWSWGWSXX0001,EBO WS Gen Consume - SmartX,63.19
SXWSWESECL0003,EC Hosting ES - 3 for Linux,23012.28
SXWSWESECL0005,EC Hosting ES - 5 for Linux,37925.62
SXWSWECUP23010,EC Up fr 2.X - 10 or less ES,10339.51
SXWSWECUP23005,EC Up fr 2.X - 5 or less ES,5908.41
SXWSWECUP30010,EC Upgrade from 3.X for 10 or less ES,15906.62
SXWSWECUP34010,EC Upgrade from 3.X for 10 or less ES,12624.7
SXWSWECUP30005,EC Upgrade from 3.X for 5 or less ES,9320.77
SXWSWECUP34005,EC Upgrade from 3.X for 5 or less ES,7213.55
SXWSWECUP40010,EC Upgrade from 4.x with 10 or less ES,8539.25
SXWSWECUP40002,EC Upgrade from 4.x with 2 or less ES,5543.35
SXWSWECUP40005,EC Upgrade from 4.x with 5 or less ES,6559.1
SXWBTAECXX10001,eCommission BT Adapter,396.71
SXWSWEDIT00001,EDITORS 1USER NO MAINT,4730.77
AP13A000,"Elec, Prop, 0-10 VDC/4-20mAdc, SR, 24 VA",173.26
SXWSWECXX00010,Enterprise Central - 10,50660.44
SXWSWECLX00010,Enterprise Central - 10 for Linux,101922.32
SXWSWECLX00002,Enterprise Central - 2 for Linux,13589.65
SXWSWECXX00005,Enterprise Central - 5,29001.28
SXWSWECLX00005,Enterprise Central - 5 for Linux,40768.93
SXWSWECXX00002,Enterprise Central # 2,11774.19
SXWSWESXX00010,ENTERPRISE SERVER - 10,4955.45
SXWSWESLX00010,Enterprise Server - 10 for Linux,5565.72
SXWSWESXX00100,Enterprise Server - 100,14866.06
SXWSWESLX00100,Enterprise Server - 100 for Linux,16072.37
SXWSWESXX00250,Enterprise Server - 250,21200.35
SXWSWESLX00250,Enterprise Server - 250 for Linux,19819.51
SXWSWESXX00050,Enterprise Server - 50,8258.97
SXWSWESLX00050,Enterprise Server - 50 for Linux,10081.97
SXWSWNDES00010,ES Hosted Node Pack - 10,1757.22
SXWSWNDES00100,ES Hosted Node Pack - 100,5461.26
SXWSWNDES00025,ES Hosted Node Pack - 25,2500.05
SXWSWNDES00300,ES Hosted Node Pack - 300,12007.95
SXWSWNDES00005,ES Hosted Node Pack - 5,878.66
SXWSWNDES00050,ES Hosted Node Pack - 50,3707.65
SXWSWNDES00600,ES Hosted Node Pack - 600,17750.65
SXWSWASESL0001,ES Hosting AS - 1 for Linux,568.07
SXWSWASESL0010,ES Hosting AS - 10 for Linux,5892.17
SXWSWASES00050,ES Hosting AS - 50,5800.3
SXWSWASESL0050,ES Hosting AS - 50 for Linux,13162.29
SXWSWASES00001,ES Hosting AS Pack - 1,478.41
SXWSWASES00010,ES Hosting AS Pack - 10,4681.16
SXWSWNDESL0010,ES Hosting Field contrlr-10 for Linux,1997.9
SXWSWNDESL0100,ES Hosting Field contrlr-100 for Linux,11651.75
SXWSWNDESL0025,ES Hosting Field contrlr-25 for Linux,3596.23
SXWSWNDESL0300,ES Hosting Field contrlr-300 for Linux,20973.14
SXWSWNDESL0005,ES Hosting Field contrlr-5 for Linux,1109.95
SXWSWNDESL0050,ES Hosting Field contrlr-50 for Linux,6473.2
SXWSWNDESL0600,ES Hosting Field contrlr-600 for Linux,37751.64
SXWSWESUP13010,ES Up fr 1.X - 10 or less AS,1509.96
SXWSWESUP13100,ES Up fr 1.X - 100 or less AS,1509.96
SXWSWESUP13250,ES Up fr 1.X - 250 or less AS,1509.96
SXWSWESUP13050,ES Up fr 1.X - 50 or less AS,1509.96
SXWSWESUP23010,ES Up fr 2.X - 10 or less AS,886.4
SXWSWESUP23100,ES Up fr 2.X - 100 or less AS,1536.3
SXWSWESUP23250,ES Up fr 2.X - 250 or less AS,2100.9
SXWSWESUP23050,ES Up fr 2.X - 50 or less AS,1362.3
SXWSWESUP30010,ES Upgrade from 3.X with 10 or less AS,1298.98
SXWSWESUP34010,ES Upgrade from 3.X with 10 or less AS,1052.63
SXWSWESUP30100,ES Upgrade from 3.X with 100 or less AS,3006.7
SXWSWESUP34100,ES Upgrade from 3.X with 100 or less AS,2790.04
SXWSWESUP30250,ES Upgrade from 3.X with 250 or less AS,3866.98
SXWSWESUP34250,ES Upgrade from 3.X with 250 or less AS,3817.95
SXWSWESUP30050,ES Upgrade from 3.X with 50 or less AS,1841.47
SXWSWESUP34050,ES Upgrade from 3.X with 50 or less AS,1612.44
SXWSWESUP40010,ES Upgrade from 4.x with 10 or less AS,979.8
SXWSWESUP40100,ES Upgrade from 4.x with 100 or less AS,1808.66
SXWSWESUP40250,ES Upgrade from 4.x with 250 or less AS,2329.82
SXWSWESUP40050,ES Upgrade from 4.x with 50 or less AS,1499.95
805667005,"ESBE insert V5,4F100 valve",1270.89
SXWSWSCEXT0110,Extension - EVlink OCPP,6677.55
SXWSWSCEXT0020,Extension - Oracle Opera PMS,5335.35
SC3514E5045,FCU RELAY PK 5RO 1SO 4 INPUT,178.32
MP130-24F,FLOATING ACTUATOR 24 V,129.08
MP130-24F-10M,FLOATING ACTUATOR 24 V,154.81
MP130-230F,"FLOATING ACTUATOR, 230 V",137.65
MP130-230F-0,"Floating actuator, 230 V",137.65
MP130-24F-0,"Floating actuator, 24 V",129.08
MP130-24F-10M-0,"Floating actuator, 24 V",154.81
U001-0020,FLOW PROG CABLE W/CD,1276.16
U001-0149,FLOW PROG DATA CONV W/CABLE&CD,612.61
BGR-8SDI0D2N10-020,"FLOW SDI SS 12-36"" DI 4-20",4679.02
FST4A020,"Flow,US,Xdcr,> 2in Pipe/Tube,20ft Cbl",2592.74
8800125000,Forta M800-Danfoss adapter,112.33
8800118000,Forta M800-Landis&Gyr adapter,69.48
MP500C,FORTA MP500C ACTUATOR,406.48
MP500C-SRD,FORTA MP500C-SR CLOSED ACTUATOR,651.04
MP500C-SRU,FORTA MP500C-SR OPEN ACTUATOR,543.01
8800109000,FYH050 - Forta Yoke Heater,161.49
805098005,Gasket VTRE-F/UF -65 Spare,41.04
805099005,Gasket VTRE-F/UF 80-150 Spare,51.14
EBIOTPGW,"Gateway, Wireless, LTE, Eth, POE",1991.49
LSSMGLASS_C21802,GLASS PLATE FOR GLASS TOUCH PANEL,64.7
7213134000,GLB VLV 2-WAY FLGD V231/20/6.3,283.88
7213150000,GLB VLV 2-WAY FLGD V231/50/38,454.31
VG210R-25B,Globe Valve 2 Way DN25 Brass Kvs10,622.42
VG210R-40B,Globe Valve 2 Way DN40 Brass Kvs24,742.39
VG310R-15B05,Globe Valve 3 Way DN15 Brass Kvs1.6,166.86
VG310R-25B,Globe Valve 3 Way DN25 Brass Kvs10,203.86
VG310R-50B,Globe Valve 3 Way DN50 Brass Kvs35,351.92
5123310000,GROUND TEMPERATURE SENSOR,206.16
SXWREB4HVPD10001,High Power Relay Blind Module,581.83
SXWRESMI4HVPD10001,High voltage SMI Blind Module,696.74
6903515,HUMIDITY AND TEMP SENSOR (CONTINUUM),414.01
5123104010,IMMERSION SENSOR,48.07
5123174010,IMMERSION TEMP SENSOR,40.41
9121052000,IMMERSION WELL,31.55
SXWASBINS10001,Installer kit dummy unit,246.33
SXWIPIOAA10001,"IP-IO, 10 points, 10 Digital Inputs",652.7
SXWIPIOBA10001,"IP-IO, 10 points, 10 UIOb",313.03
SXWIPIOCA10001,"IP-IO, 9 points, 5 UIOb, 4 DOFA",699.78
SXWISORS48510001,Isolated RS485 Adapter,72.64
3240100000,I-Sw SL 135A Out1A@30VAC NO,74.39
3240202000,"I-Xdcr,SL,50/100/200A AC,4-20mA",112
9141021000,KH8 Universal damper crank arm,51.51
SXWREKNX10001,KNX interface module,449
9141063000,Linkage damper ZG-MD20,125.18
8800128000,Linkage Forta to M40 Controlli,49.24
8800126000,Linkage M700-Satchwell L7SV,397.87
8800124000,Linkage2 Forta-Satchwell L2SV,246.46
SER8350A0B11,LNV FCU BN RH WHT WHT,376.31
SXWREB2LVPD10001,Low Power Relay Blind Module,581.83
SXWRESMI2LVPD10001,Low voltage SMI Blind Module,696.74
8800133000,M10 to M8 Forta adapter,105.36
8800134000,M16 Hex Bush,105.36
MB3-SC-24M,MB3 SRC-24M T31 00,287.17
MB3-24F,MB3-24F T31 00,137.9
MD10SR-T,MD10 SR-24/230T 1M 5400,335.66
MD10SR-TS,MD10 SR-24/230TS 1M 5400,407.79
MD10SR-24M,MD10 SR-24M 1M 5400,397.27
MD10SR-24T,MD10 SR-24T 1M 5400,320.37
MD10SR-24TS,MD10 SR-24TS 1M 5400,365.48
MD20SR-24M,MD20 SR-24M 1M 5400,452.73
MD20SR-24T,MD20 SR-24T 1M 5400,294.64
MD20SR-24TS,MD20 SR-24TS 1M 5400,413.04
KDC55F,"Meter,Deluxe,Cool,DN100,qp:100,flow",5031.52
KDC55R,"Meter,Deluxe,Cool,DN100,qp:100,ret",5031.52
KDC50F,"Meter,Deluxe,Cool,DN100,qp:60,flow",4423.83
KDC50R,"Meter,Deluxe,Cool,DN100,qp:60,ret",4423.83
KDC60F,"Meter,Deluxe,Cool,DN150,qp:150,flow",7349.86
KDC60R,"Meter,Deluxe,Cool,DN150,qp:150,ret",7349.86
KDC65F,"Meter,Deluxe,Cool,DN150,qp:250,flow",8220.02
KDC65R,"Meter,Deluxe,Cool,DN150,qp:250,ret",8220.02
KDC20F,"Meter,Deluxe,Cool,DN25,qp:6,flow",1939.7
KDC20R,"Meter,Deluxe,Cool,DN25,qp:6,ret",1939.7
KDC30F,"Meter,Deluxe,Cool,DN40,qp:10,flow",2263.28
KDC30R,"Meter,Deluxe,Cool,DN40,qp:10,ret",2263.28
KDC35F,"Meter,Deluxe,Cool,DN50,qp:15,flow",2701.25
KDC35R,"Meter,Deluxe,Cool,DN50,qp:15,ret",2701.25
KDC40F,"Meter,Deluxe,Cool,DN65,qp:25,flow",2926.22
KDC40R,"Meter,Deluxe,Cool,DN65,qp:25,ret",2926.22
KDC45F,"Meter,Deluxe,Cool,DN80,qp:40,flow",3330.71
KDC45R,"Meter,Deluxe,Cool,DN80,qp:40,ret",3330.71
KDC00F,"Meter,Deluxe,Cool,R�,qp:1.5,flow",1126.77
KDC00R,"Meter,Deluxe,Cool,R�,qp:1.5,ret",1126.77
KDC05F,"Meter,Deluxe,Cool,R�,qp:2.5,flow",1237.21
KDC05R,"Meter,Deluxe,Cool,R�,qp:2.5,ret",1237.21
KDC10F,"Meter,Deluxe,Cool,R1,qp:3.5,flow",1568.71
KDC10R,"Meter,Deluxe,Cool,R1,qp:3.5,ret",1568.71
KDC15F,"Meter,Deluxe,Cool,R1,qp:6,flow",1575.91
KDC15R,"Meter,Deluxe,Cool,R1,qp:6,ret",1575.91
KDC25F,"Meter,Deluxe,Cool,R1�,qp:10,flow",2048.84
KDC25R,"Meter,Deluxe,Cool,R1�,qp:10,ret",2048.84
KDF55F,"Meter,Deluxe,Flow,DN100,qp:100,flow",4832.24
KDF55R,"Meter,Deluxe,Flow,DN100,qp:100,ret",4832.24
KDF50F,"Meter,Deluxe,Flow,DN100,qp:60,flow",4224.58
KDF50R,"Meter,Deluxe,Flow,DN100,qp:60,ret",4224.57
KDF60F,"Meter,Deluxe,Flow,DN150,qp:150,flow",7150.56
KDF60R,"Meter,Deluxe,Flow,DN150,qp:150,ret",7150.56
KDF65F,"Meter,Deluxe,Flow,DN150,qp:250,flow",8020.83
KDF65R,"Meter,Deluxe,Flow,DN150,qp:250,ret",8020.82
KDF20F,"Meter,Deluxe,Flow,DN25,qp:6,flow",1809.48
KDF20R,"Meter,Deluxe,Flow,DN25,qp:6,ret",1809.48
KDF30F,"Meter,Deluxe,Flow,DN40,qp:10,flow",2133.15
KDF30R,"Meter,Deluxe,Flow,DN40,qp:10,ret",2133.15
KDF35F,"Meter,Deluxe,Flow,DN50,qp:15,flow",2571.13
KDF35R,"Meter,Deluxe,Flow,DN50,qp:15,ret",2571.12
KDF40F,"Meter,Deluxe,Flow,DN65,qp:25,flow",2795.94
KDF40R,"Meter,Deluxe,Flow,DN65,qp:25,ret",2795.94
KDF45F,"Meter,Deluxe,Flow,DN80,qp:40,flow",3200.46
KDF45R,"Meter,Deluxe,Flow,DN80,qp:40,ret",3200.45
KDF00F,"Meter,Deluxe,Flow,R�,qp:1.5,flow",1126.92
KDF00R,"Meter,Deluxe,Flow,R�,qp:1.5,ret",1126.92
KDF05F,"Meter,Deluxe,Flow,R�,qp:2.5,flow",1118.91
KDF05R,"Meter,Deluxe,Flow,R�,qp:2.5,ret",1118.91
KDF10F,"Meter,Deluxe,Flow,R1,qp:3.5,flow",1450.45
KDF10R,"Meter,Deluxe,Flow,R1,qp:3.5,ret",1450.45
KDF15F,"Meter,Deluxe,Flow,R1,qp:6,flow",1525.34
KDF15R,"Meter,Deluxe,Flow,R1,qp:6,ret",1525.34
KDF25F,"Meter,Deluxe,Flow,R1�,qp:10,flow",1929.81
KDF25R,"Meter,Deluxe,Flow,R1�,qp:10,ret",1929.81
KDH55F,"Meter,Deluxe,Heat,DN100,qp:100,flow",4932.9
KDH55R,"Meter,Deluxe,Heat,DN100,qp:100,ret",4932.9
KDH50F,"Meter,Deluxe,Heat,DN100,qp:60,flow",4325.13
KDH50R,"Meter,Deluxe,Heat,DN100,qp:60,ret",4325.13
KDH60F,"Meter,Deluxe,Heat,DN150,qp:150,flow",7280.81
KDH60R,"Meter,Deluxe,Heat,DN150,qp:150,ret",7280.81
KDH65F,"Meter,Deluxe,Heat,DN150,qp:250,flow",8150.88
KDH65R,"Meter,Deluxe,Heat,DN150,qp:250,ret",8150.88
KDH20F,"Meter,Deluxe,Heat,DN25,qp:6,flow",1839.12
KDH20R,"Meter,Deluxe,Heat,DN25,qp:6,ret",1839.12
KDH30F,"Meter,Deluxe,Heat,DN40,qp:10,flow",2164.69
KDH30R,"Meter,Deluxe,Heat,DN40,qp:10,ret",2164.69
KDH35F,"Meter,Deluxe,Heat,DN50,qp:15,flow",2602.66
KDH35R,"Meter,Deluxe,Heat,DN50,qp:15,ret",2602.66
KDH40F,"Meter,Deluxe,Heat,DN65,qp:25,flow",2827.54
KDH40R,"Meter,Deluxe,Heat,DN65,qp:25,ret",2827.54
KDH45F,"Meter,Deluxe,Heat,DN80,qp:40,flow",3232.03
KDH45R,"Meter,Deluxe,Heat,DN80,qp:40,ret",3232.03
KDH00F,"Meter,Deluxe,Heat,R�,qp:1.5,flow",1026.17
KDH00R,"Meter,Deluxe,Heat,R�,qp:1.5,ret",1026.17
KDH05F,"Meter,Deluxe,Heat,R�,qp:2.5,flow",1138.67
KDH05R,"Meter,Deluxe,Heat,R�,qp:2.5,ret",1138.67
KDH10F,"Meter,Deluxe,Heat,R1,qp:3.5,flow",1470.13
KDH10R,"Meter,Deluxe,Heat,R1,qp:3.5,ret",1470.13
KDH15F,"Meter,Deluxe,Heat,R1,qp:6,flow",1545.12
KDH15R,"Meter,Deluxe,Heat,R1,qp:6,ret",1545.12
KDH25F,"Meter,Deluxe,Heat,R1�,qp:10,flow",1945.62
KDH25R,"Meter,Deluxe,Heat,R1�,qp:10,ret",1945.62
KDK55F,"Meter,Deluxe,Heat/Cool,DN100,qp:100,flow",5031.52
KDK55R,"Meter,Deluxe,Heat/Cool,DN100,qp:100,ret",5031.52
KDK50F,"Meter,Deluxe,Heat/Cool,DN100,qp:60,flow",4423.83
KDK50R,"Meter,Deluxe,Heat/Cool,DN100,qp:60,ret",4423.83
KDK60F,"Meter,Deluxe,Heat/Cool,DN150,qp:150,flow",7349.87
KDK60R,"Meter,Deluxe,Heat/Cool,DN150,qp:150,ret",7349.86
KDK65F,"Meter,Deluxe,Heat/Cool,DN150,qp:250,flow",8220.02
KDK65R,"Meter,Deluxe,Heat/Cool,DN150,qp:250,ret",8220.02
KDK20F,"Meter,Deluxe,Heat/Cool,DN25,qp:6,flow",1939.7
KDK20R,"Meter,Deluxe,Heat/Cool,DN25,qp:6,ret",1939.7
KDK30F,"Meter,Deluxe,Heat/Cool,DN40,qp:10,flow",2263.28
KDK30R,"Meter,Deluxe,Heat/Cool,DN40,qp:10,ret",2263.28
KDK35F,"Meter,Deluxe,Heat/Cool,DN50,qp:15,flow",2701.25
KDK35R,"Meter,Deluxe,Heat/Cool,DN50,qp:15,ret",2701.25
KDK40F,"Meter,Deluxe,Heat/Cool,DN65,qp:25,flow",2926.23
KDK40R,"Meter,Deluxe,Heat/Cool,DN65,qp:25,ret",2926.22
KDK45F,"Meter,Deluxe,Heat/Cool,DN80,qp:40,flow",3330.71
KDK45R,"Meter,Deluxe,Heat/Cool,DN80,qp:40,ret",3330.71
KDK00F,"Meter,Deluxe,Heat/Cool,R�,qp:1.5,flow",1126.77
KDK00R,"Meter,Deluxe,Heat/Cool,R�,qp:1.5,ret",1126.77
KDK05F,"Meter,Deluxe,Heat/Cool,R�,qp:2.5,flow",1237.21
KDK05R,"Meter,Deluxe,Heat/Cool,R�,qp:2.5,ret",1237.21
KDK10F,"Meter,Deluxe,Heat/Cool,R1,qp:3.5,flow",1568.71
KDK10R,"Meter,Deluxe,Heat/Cool,R1,qp:3.5,ret",1568.71
KDK15F,"Meter,Deluxe,Heat/Cool,R1,qp:6,flow",1575.91
KDK15R,"Meter,Deluxe,Heat/Cool,R1,qp:6,ret",1575.91
KDK25F,"Meter,Deluxe,Heat/Cool,R1�,qp:10,flow",2048.84
KDK25R,"Meter,Deluxe,Heat/Cool,R1�,qp:10,ret",2048.84
KEC20F,"Meter,Eco,Cool,DN25,qp:6,flow",1849.06
KEC20R,"Meter,Eco,Cool,DN25,qp:6,ret",1849.06
KEC30F,"Meter,Eco,Cool,DN40,qp:10,flow",2111.3
KEC30R,"Meter,Eco,Cool,DN40,qp:10,ret",2111.3
KEC35F,"Meter,Eco,Cool,DN50,qp:15,flow",2601.15
KEC35R,"Meter,Eco,Cool,DN50,qp:15,ret",2601.15
KEC00F,"Meter,Eco,Cool,R�,qp:1.5,flow",921.87
KEC00R,"Meter,Eco,Cool,R�,qp:1.5,ret",921.87
KEC05F,"Meter,Eco,Cool,R�,qp:2.5,flow",1000.68
KEC05R,"Meter,Eco,Cool,R�,qp:2.5,ret",1000.68
KEC10F,"Meter,Eco,Cool,R1,qp:3.5,flow",1301.21
KEC10R,"Meter,Eco,Cool,R1,qp:3.5,ret",1301.21
KEC15F,"Meter,Eco,Cool,R1,qp:6,flow",1301.21
KEC15R,"Meter,Eco,Cool,R1,qp:6,ret",1301.21
KEC25F,"Meter,Eco,Cool,R1�,qp:10,flow",1670.29
KEC25R,"Meter,Eco,Cool,R1�,qp:10,ret",1670.29
KEF20F,"Meter,Eco,Flow,DN25,qp:6,flow",1695.9
KEF20R,"Meter,Eco,Flow,DN25,qp:6,ret",1695.9
KEF30F,"Meter,Eco,Flow,DN40,qp:10,flow",1958.16
KEF30R,"Meter,Eco,Flow,DN40,qp:10,ret",1958.16
KEF35F,"Meter,Eco,Flow,DN50,qp:15,flow",2447.96
KEF35R,"Meter,Eco,Flow,DN50,qp:15,ret",2447.96
KEF00F,"Meter,Eco,Flow,R�,qp:1.5,flow",817.23
KEF00R,"Meter,Eco,Flow,R�,qp:1.5,ret",817.23
KEF05F,"Meter,Eco,Flow,R�,qp:2.5,flow",847.33
KEF05R,"Meter,Eco,Flow,R�,qp:2.5,ret",847.33
KEF10F,"Meter,Eco,Flow,R1,qp:3.5,flow",1148.04
KEF10R,"Meter,Eco,Flow,R1,qp:3.5,ret",1148.04
KEF15F,"Meter,Eco,Flow,R1,qp:6,flow",1148.04
KEF15R,"Meter,Eco,Flow,R1,qp:6,ret",1148.04
KEF25F,"Meter,Eco,Flow,R1�,qp:10,flow",1517.19
KEF25R,"Meter,Eco,Flow,R1�,qp:10,ret",1517.19
KEH20F,"Meter,Eco,Heat,DN25,qp:6,flow",1849.06
KEH20R,"Meter,Eco,Heat,DN25,qp:6,ret",1849.06
KEH30F,"Meter,Eco,Heat,DN40,qp:10,flow",2111.3
KEH30R,"Meter,Eco,Heat,DN40,qp:10,ret",2111.3
KEH35F,"Meter,Eco,Heat,DN50,qp:15,flow",2601.15
KEH35R,"Meter,Eco,Heat,DN50,qp:15,ret",2601.15
KEH00F,"Meter,Eco,Heat,R�,qp:1.5,flow",902.1
KEH00R,"Meter,Eco,Heat,R�,qp:1.5,ret",902.1
KEH05F,"Meter,Eco,Heat,R�,qp:2.5,flow",979.72
KEH05R,"Meter,Eco,Heat,R�,qp:2.5,ret",979.72
KEH10F,"Meter,Eco,Heat,R1,qp:3.5,flow",1229.26
KEH10R,"Meter,Eco,Heat,R1,qp:3.5,ret",1229.26
KEH15F,"Meter,Eco,Heat,R1,qp:6,flow",1301.21
KEH15R,"Meter,Eco,Heat,R1,qp:6,ret",1301.21
KEH25F,"Meter,Eco,Heat,R1�,qp:10,flow",1821.2
KEH25R,"Meter,Eco,Heat,R1�,qp:10,ret",1821.2
KEK20F,"Meter,Eco,Heat/Cool,DN25,qp:6,flow",1849.06
KEK20R,"Meter,Eco,Heat/Cool,DN25,qp:6,ret",1849.06
KEK30F,"Meter,Eco,Heat/Cool,DN40,qp:10,flow",2111.3
KEK30R,"Meter,Eco,Heat/Cool,DN40,qp:10,ret",2111.3
KEK35F,"Meter,Eco,Heat/Cool,DN50,qp:15,flow",2601.15
KEK35R,"Meter,Eco,Heat/Cool,DN50,qp:15,ret",2601.15
KEK00F,"Meter,Eco,Heat/Cool,R�,qp:1.5,flow",902.1
KEK00R,"Meter,Eco,Heat/Cool,R�,qp:1.5,ret",902.1
KEK05F,"Meter,Eco,Heat/Cool,R�,qp:2.5,flow",979.72
KEK05R,"Meter,Eco,Heat/Cool,R�,qp:2.5,ret",979.72
KEK10F,"Meter,Eco,Heat/Cool,R1,qp:3.5,flow",1229.26
KEK10R,"Meter,Eco,Heat/Cool,R1,qp:3.5,ret",1229.26
KEK15F,"Meter,Eco,Heat/Cool,R1,qp:6,flow",1301.21
KEK15R,"Meter,Eco,Heat/Cool,R1,qp:6,ret",1301.21
KEK25F,"Meter,Eco,Heat/Cool,R1�,qp:10,flow",1821.2
KEK25R,"Meter,Eco,Heat/Cool,R1�,qp:10,ret",1821.2
MF20-230F,MF20-230F T54 00,535.57
MF20-230F-R,MF20-230F T54 R0 (MB.. retrofi,638.63
MF20-24L,MF20-230L 1M54 00,1155.8
MF20-24F,MF20-24F T54 00,535.57
MF20-24F-R,MF20-24F T54 R0 (MB.. retrofit,638.63
MF20-24M,MF20-24M T54 00,716.23
MF20-24M-R,MF20-24M T54 R0 (MB.. retrofit,819.34
MF20SR-TS,MF20SR-24/230TS 1M54 00,988.26
MF20SR-24M,MF20SR-24M 1M54 00,972.09
MF40-230F,MF40-230F T54 00,795.98
MF40-24F,MF40-24F T54 00,795.98
MF40-24L,MF40-24L 1M54 00,1359.05
MF40-24M,MF40-24M T54 00,1010.86
MF40ER-24M,MF40ER-24M 1M54 00,1567.62
MF40ER-24T,MF40ER-24T 1M54 00,1337.62
SXWSWX000MBRTU,Modbus RTU - SpaceLogic AS-P Server,195.06
8600991000,MOUNTING KIT EM-9-TRV (8600991,82.62
8600990000,MOUNTING KIT EM-9-VTRA (860099,78.98
SXWMPC15A10001,MP-C 15 POINTS 8 UIOB 6 DO TRIACS 1 HP,706
SXWMPC18A10001,MP-C 18 POINTS 10 UIOB 4 DO TRIACS 3SPST,881.5
SXWMPC18B10001,MP-C 18 POINTS 10 UIOB 8 DO TRIACS,834
SXWMPC24A10001,MP-C 24 POINTS 4 UIOC 4 FORM 16 UIOB,1059.2
SXWMPC36A10001,MP-C 36 POINTS 8 UIOC 8 FORM 20 UIOB,1184.88
SXWMPCDSP10001,MP-C OVERRIDE DISPLAY MODULE,255.36
SXWMPC24AM10001,MP-C-24A-M CONTROLLER,890.7
SXWMPC36AM10001,MP-C-36A-M CONTROLLER,980.32
SXWMPV7AX10001,MP-V 7 POINTS 3 UI 3 DO TRIAC 1 AO,741.93
SXWMPV9AX10001,MP-V 9 POINTS 4 UI 3 DO TRIAC 2 AO,797.93
SXWMPV7AX10002,MP-V-7A BACnet/IP/MSTP CONTROLLER,741.93
SXWMPV9AX10002,MP-V-9A BACnet/IP/MSTP CONTROLLER,797.93
SXWSWMQTTSRW01,MQTT Publish ES,3251.05
SXWSWMQTTXRW01,MQTT Publish SmartX,433.61
SXWHIO8DIDO10001,Multi I/O Module,147.13
SXWREMSBLE10001,Multi- Sensor,323.33
MP2000,MULTI-SIGNAL ACTUATOR 24V,1176.51
MP4000,MULTI-SIGNAL ACTUATOR 24V,3160.78
MP2000-0,"Multi-signal actuator, 24V",1176.51
MP4000-0,"Multi-signal actuator, 24V",2873.44
MZ140-24M,MZ140-24M 2M44 00,107.7
MZ140-24T,MZ140-24T 2M44 00,43.3
MZ140-230T,MZ14-230T 2M44 00,42.23
MP120NC-24T,N.CLOSED THERMAL ACTUATOR,21.46
MP120NC-230T,N.CLOSED THERMAL ACTUATOR 230V,22.84
SXWNISORS48510001,Non-Isolated RS485 Adapter,24.55
SXWNISORS485P10001,Non-Isolated RS485 and Power Adapter,43.97
FLO-QSE05BSP09Q11A,"Noryl, Mag BTU Flow meter, Display, Modb",5041.97
FLO-QSE05NPT09Q11A,"Noryl, Mag BTU Flow meter, Display, Modb",5041.97
FLO-QSE07BSP09Q11A,"Noryl, Mag BTU Flow meter, Display, Modb",5041.97
FLO-QSE07NPT09Q11A,"Noryl, Mag BTU Flow meter, Display, Modb",5041.97
FLO-QSE10BSP09Q11A,"Noryl, Mag BTU Flow meter, Display, Modb",5041.97
FLO-QSE10NPT09Q11A,"Noryl, Mag BTU Flow meter, Display, Modb",5041.97
FLO-QSE15BSP09Q11A,"Noryl, Mag BTU Flow meter, Display, Modb",5041.97
FLO-QSE15NPT09Q11A,"Noryl, Mag BTU Flow meter, Display, Modb",5041.97
FLO-QSE20BSP09Q11A,"Noryl, Mag BTU Flow meter, Display, Modb",5041.97
FLO-QSE20NPT09Q11A,"Noryl, Mag BTU Flow meter, Display, Modb",5041.97
FLO-QSE30FAP09Q12B,"Noryl, Mag BTU Flow meter, Display, Modb",5798.94
FLO-QSE40FAP09Q12C,"Noryl, Mag BTU Flow meter, Display, Modb",5798.94
FLO-QSE05BSPQBQ11A,"Noryl, Mag BTU Flow meter, Modbus + puls",4587.67
FLO-QSE05NPTQBQ11A,"Noryl, Mag BTU Flow meter, Modbus + puls",4587.67
FLO-QSE07BSPQBQ11A,"Noryl, Mag BTU Flow meter, Modbus + puls",4587.67
FLO-QSE07NPTQBQ11A,"Noryl, Mag BTU Flow meter, Modbus + puls",4587.67
FLO-QSE10BSPQBQ11A,"Noryl, Mag BTU Flow meter, Modbus + puls",4587.67
FLO-QSE10NPTQBQ11A,"Noryl, Mag BTU Flow meter, Modbus + puls",4587.67
FLO-QSE15BSPQBQ11A,"Noryl, Mag BTU Flow meter, Modbus + puls",4587.67
FLO-QSE15NPTQBQ11A,"Noryl, Mag BTU Flow meter, Modbus + puls",4587.67
FLO-QSE20BSPQBQ11A,"Noryl, Mag BTU Flow meter, Modbus + puls",4587.67
FLO-QSE20NPTQBQ11A,"Noryl, Mag BTU Flow meter, Modbus + puls",4587.67
FLO-QSE30FAPQBQ12B,"Noryl, Mag BTU Flow meter, Modbus + puls",5344.79
FLO-QSE40FAPQBQ12C,"Noryl, Mag BTU Flow meter, Modbus + puls",5344.79
FLO-QSE30FAP09Q3XB,"Noryl, Mag Flow meter, Display , pulse +",4353.02
FLO-QSE05BSP09Q3XA,"Noryl, Mag Flow meter, Display, pulse +",3596.07
FLO-QSE05NPT09Q3XA,"Noryl, Mag Flow meter, Display, pulse +",3596.07
FLO-QSE07BSP09Q3XA,"Noryl, Mag Flow meter, Display, pulse +",3596.07
FLO-QSE07NPT09Q3XA,"Noryl, Mag Flow meter, Display, pulse +",3596.07
FLO-QSE10BSP09Q3XA,"Noryl, Mag Flow meter, Display, pulse +",3596.07
FLO-QSE10NPT09Q3XA,"Noryl, Mag Flow meter, Display, pulse +",3596.07
FLO-QSE15BSP09Q3XA,"Noryl, Mag Flow meter, Display, pulse +",3596.07
FLO-QSE15NPT09Q3XA,"Noryl, Mag Flow meter, Display, pulse +",3596.07
FLO-QSE20BSP09Q3XA,"Noryl, Mag Flow meter, Display, pulse +",3596.07
FLO-QSE20NPT09Q3XA,"Noryl, Mag Flow meter, Display, pulse +",3596.07
FLO-QSE40FAP09Q3XC,"Noryl, Mag Flow meter, Display, pulse +",4353.02
FLO-02N12LM,"Nylon flow meter, digital pulse, 1-inch",681.45
FLO-02N31GM,"Nylon flow meter, digital pulse, 1-inch",681.45
6553070000,Occupancy sensor PIR-TFT-550-B,161.19
SPMOP,OUTDOOR PM SENSOR ANALOG,517.03
5141104010,Outdoor Temp Sensor STO500,45.24
5141100010,OUTDOOR TEMPERATURE SENSOR,45.24
SXWSWDASH00001,Personal Dashboards,2461.86
SXWSWDASHX0001,Personal Dashboards - SmartX,1313.07
5123160010,PIPE TEMPERATURE SENSOR,65.81
COV-PIR-FCU-C-5031,PIR COVER - VT7300 COMMERCIAL NoLogo,131.45
COV-PIR-FCU-L-5031,PIR COVER - VT7300 HOTEL NO LO,131.45
9121041000,Pocket STP 100mm Brass,16.21
9121051000,Pocket STP 100mm Stainl.steel,29.89
9121042000,Pocket STP 150mm Brass,16.84
9121043000,Pocket STP 200mm Brass,19.37
9121053000,Pocket STP 200mm Stainl.steel,31.98
9121044000,Pocket STP 250mm Brass,20.21
9121054000,Pocket STP 250mm Stainl.steel,36.18
9121045000,Pocket STP 300mm Brass,21.46
9121055000,Pocket STP 300mm Stainl.steel,34.49
9121046000,Pocket STP 400mm Brass,25.25
9121056000,Pocket STP 400mm Stainl.steel,37.03
9121040000,Pocket STP 50mm Brass,15.99
9121050000,Pocket STP 50mm Stainl.steel,25.6
6553055000,Presens sensor 24vac Roofmount,240.47
EPD302,PRESSURE-VEL DRY DUCT 10IN,346.61
EPD301,PRESSURE-VEL DRY DUCT 1IN,331.59
EPD302LCD,PRESSURE-VEL DRY DUCT LCD 10IN,321.56
EPD301LCD,PRESSURE-VEL DRY DUCT LCD 1IN,321.56
EPP302,PRESSURE-VEL DRY PANEL 10IN,281.39
PX3PXN02,PRESSURE-VEL DRY PANEL 10IN,301.07
EPP301,PRESSURE-VEL DRY PANEL 1IN,281.39
PX3PXN01,PRESSURE-VEL DRY PANEL 1IN,293.73
EPP302LCD,PRESSURE-VEL DRY PANEL LCD 10I,365.76
EPP301LCD,PRESSURE-VEL DRY PANEL LCD 1IN,365.76
EPU305,PRESSURE-VEL DRY UNIV 10IN,427.88
EPU305LCD,PRESSURE-VEL DRY UNIV LCD 10IN,405.5
SXWPS24VX10001,PS-24V POWER SUPPLY 24VAC/VDC,165.9
SXWSWCMPLPKL01,Regulated Ind Compliance Pack for Linux,9309.78
SXWREREL410001,Relay Module without power distribution,621.34
SXWRERCBLE10001,Remote Control,431.05
S3010W1031,ROOM SENSOR - VT7000,69.01
S3020W1031,ROOM SENSOR+OVERRIDE - VT7000,63.41
4600100,Room zone sensor STR 100,34.76
SXWRPCCOV10001,RP-C External Terminal Covers,30.8
SXWRCF12A10002,RP-C-12A-F-24V,609.92
SXWRCF12AM10001,RP-C-12A-M-24V CONTROLLER,399.01
SXWRCF12B10002,RP-C-12B-F-24V,609.92
SXWRCF12BM10001,RP-C-12B-M-24V CONTROLLER,399.01
SXWRCF12C10002,RP-C-12C-F-24V,609.92
SXWRCF16A10003,RP-C-16A-F-230V,807.15
SXWRCF16AM10001,RP-C-16A-M-24V CONTROLLER.,506.04
SXWRCF16B10002,RP-C-16B-F-230V,866.75
SXWRCF16B10001,RP-C-16B-F-24V,715.1
SXWRIOF12AM10001,RP-IO-12A-M-24V CONTROLLER,326.7
SXWRIOF16EM10001,RP-IO-16E-M-24V CONTROLLER,383.86
SXWRPV4A10001,RP-V-4A CONTROLLER,593.54
SXWRPV5A10001,RP-V-5A CONTROLLER,638.35
SXWRPV5CM10001,RP-V-5C-M CONTROLLER.,479.04
SXWRTD16X10001,RTD-DI-16 16 RTD AND DIG IN,556.88
SXWSWECSAML001,SAML Authentication - EC,1517.19
SXWSWESSAML001,SAML Authentication - ES,1517.19
SXWSWASSAML001,SAML Authentication - SmartX server,918.24
SXWSCABLE10003,S-CABLE 0.75M ANGLE,69.22
SXWSCABLE10002,S-CABLE 1.5 M ANGLE,125.28
SCD2XAXACX,SCD2 CO2 Sensor,495.27
SCD2XAXCCX,SCD2 CO2 Sensor,495.27
SCD2XAXHCX,SCD2 CO2 Sensor,495.27
SCD2XAXXVX,SCD2 CO2 Sensor,501.37
SCD2XPXAVX,SCD2 CO2 Sensor,580.88
SCD2XA2ACX,SCD2 CO2 Sensor,611.44
SCD2XA2CCX,SCD2 CO2 Sensor,611.44
SCD2XA2HCX,SCD2 CO2 Sensor,611.44
SCD2LPXXVX,SCD2 CO2 Sensor,623.67
SCD2LPXAVX,SCD2 CO2 Sensor,645.07
SCD2XP2AVX,SCD2 CO2 Sensor,739.84
SCD2LP2AVX,SCD2 CO2 Sensor,773.47
SCD2XPXAVP,SCD2 CO2 Sensor,868.24
SCD2LPXAVP,SCD2 CO2 Sensor,901.87
SCD2XP2AVP,SCD2 CO2 Sensor,1030.27
SCD2LP2AVP,SCD2 CO2 Sensor,1063.9
SXWASBCON10001,Screw terminals for AS-B/AS-BL.,56.89
SXWSWSTDBEUAC2,Semantic DB - External Use Plus Cores 2,15958.81
S2000D1000,SEN DUCT SP WITH JBOX,106.86
6902500,Sens Condensation SCP110,156.03
6902361,Sens R Humid.Out Door SHO100,476.84
6902371,Sens R Humid.Out Door SHO100-T,512.21
6920021,Sens Temp Cont STC300 -50/50,127.51
6920501,Sens Temp Outd STO300 -50/50,162
6554001000,Sens.humid.larm 24V NVP-35,265.07
6902401,SENS.R HUMID. OUTDOOR,537.83
5123060010,SENS.TEMP.AV.DUCT STD190 (5123,167.99
5515010150,Sensor air velocity GV 150,63.64
SXWSBTXXXSXX,"Sensor Base,Temp",105.31
SXWSBTXCXSXX,"Sensor Base,Temp,CO2",508.92
SXWSBTHXXSXX,"Sensor Base,Temp,Humidity",339.3
SXWSBTHCXSXX,"Sensor Base,Temp,Humidity,CO2",678.5
S1010D1000,SENSOR CHANGEOVER 10K,66.31
EBIOTPCWD,"Sensor Desk Occupancy, Wireless",138.42
5123010010,SENSOR DUCT STD100-250,41.91
5123014010,SENSOR DUCT STD100-400,42.79
4702080,Sensor Pres Wet SPP110-1000KPa,354.66
4702020,Sensor Pres Wet SPP110-100kPa,354.66
4702100,Sensor Pres Wet SPP110-1600kPa,354.66
4702120,Sensor Pres Wet SPP110-2500kPa,334.59
4702040,Sensor Pres Wet SPP110-250kP,354.66
4702140,Sensor Pres Wet SPP110-4000kPa,354.66
4702060,Sensor Pres Wet SPP110-600kPa,354.66
6902381,SENSOR R HUMIDI. DUCT SHD10-T5,513.22
6559016000,Sensor room CO2 aSENSE-Display,790.7
EBIOTPCWR,"Sensor Room Occupancy, Wireless",193.5
5123086010,Sensor Temp AvDuct STD591,167.99
5123306000,Sensor Temp Coil STX122-250,67.37
5123308000,Sensor Temp Coil STX122-400,77.54
5123202010,SENSOR TEMP CONTACT STC100,32.4
5123210000,Sensor Temp Contact STC110-200,26.17
5123212000,Sensor Temp Contact STC110-400,29.05
5123214000,Sensor Temp Contact STC120,41.7
5123206010,Sensor Temp Contact STC200,32.4
5123218010,Sensor Temp Contact STC500,32.4
5123220000,Sensor Temp Contact STC510-200,26.17
5123004010,Sensor Temp Duct STD100-100,43.93
5123006010,Sensor Temp Duct STD100-150,41.41
5123008010,Sensor Temp Duct STD100-200,41.7
5123012010,Sensor Temp Duct STD100-300,41.91
5123002010,Sensor Temp Duct STD100-50,40.76
5123058000,SENSOR TEMP DUCT STD150 (51230,32.78
5123036010,Sensor Temp Duct STD200-200,41.7
5123038010,Sensor Temp Duct STD200-250,41.91
5123074010,Sensor Temp Duct STD500-150,63.07
5123078010,Sensor Temp Duct STD500-250,41.91
5123082010,Sensor Temp Duct STD500-400,42.79
5123084000,Sensor Temp Duct STD550,26.17
5126040000,SENSOR TEMP DUCT STD670,32.16
5126030000,SENSOR TEMP DUCT TELESC STD660,69.86
4600110,Sensor temp habitacion STR100-W,34.76
5123302000,Sensor Temp Imer. STX120-200,22.66
5123304000,Sensor Temp Imer. STX120-400,28.39
5123320000,Sensor Temp Imer.STX520-200,22.66
5123322000,Sensor Temp Imer.STX520-400,28.39
5123106010,Sensor Temp Pipe STP100-150,43.23
5123108010,Sensor Temp Pipe STP100-200,40.41
5123110010,Sensor Temp Pipe STP100-250,40.76
5123112010,Sensor Temp Pipe STP100-300,41.04
5123114010,Sensor Temp Pipe STP100-400,41.7
5123102010,Sensor Temp Pipe STP100-50,39.69
5123162010,Sensor Temp Pipe STP120-220,77.57
5123158010,SENSOR TEMP PIPE STP120-70,67.75
5123132010,Sensor Temp Pipe STP200-100,40.12
5123134010,Sensor Temp Pipe STP200-150,40.41
5123136010,Sensor Temp Pipe STP200-200,40.41
5123138010,Sensor Temp Pipe STP200-250,44.83
5123140010,Sensor Temp Pipe STP200-300,41.04
5123142010,Sensor Temp Pipe STP200-400,41.7
5123130010,Sensor Temp Pipe STP200-50,39.69
5123172000,SENSOR TEMP PIPE STP500-100,39.18
5123176010,Sensor Temp Pipe STP500-200,43.23
5123180010,Sensor temp Pipe STP500-300,41.04
5123182000,SENSOR TEMP PIPE STP500-400,45.12
5123170010,Sensor Temp Pipe STP500-50,55.91
4600300,Sensor temp room STR102,75.09
4600700,Sensor temp room STR103,75.31
4600400,Sensor temp room STR104,82.1
4600500,Sensor temp room STR106,97.85
4600900,Sensor temp room STR106-3,97.86
4600800,Sensor temp room STR106-B,97.85
4600600,Sensor temp room STR107,97.86
4602800,Sensor temp room STR150,111.78
4603300,Sensor temp room STR250,111.43
4605000,Sensor temp room STR350,191.19
4606200,Sensor temp room STR504,82.1
EBIOTPCWE1,"Sensor, IAQ, Light, Noise, Wireless",537.07
EBIOTPCWE2,"Sensor, IAQ, PM, Light, Noise, Wireless",650.3
SLASXCX,"Sensor,CO2,Analog",345.18
SLABXCX,"Sensor,CO2,Analog,Optm Bk",247.72
SLAWXCX,"Sensor,CO2,Analog,Optm Wh",356
SLPSXCX,"Sensor,CO2,BAC/MB",356
SLPBXCX,"Sensor,CO2,BAC/MB,Optm Bk",366.85
SLPWXCX,"Sensor,CO2,BAC/MB,Optm Wh",366.85
SLASLCX,"Sensor,CO2,LCD,Analog",366.85
SLABLCX,"Sensor,CO2,LCD,Analog,Optm Bk",391.04
SLAWLCX,"Sensor,CO2,LCD,Analog,Optm Wh",391.04
SLPSLCX,"Sensor,CO2,LCD,BAC/MB",377.59
SLPBLCX,"Sensor,CO2,LCD,BAC/MB,Optm Bk",401.89
SLPWLCX,"Sensor,CO2,LCD,BAC/MB,Optm Wh",401.89
SLASXC2,"Sensor,CO2,RH,Analog",377.59
SLABXC2,"Sensor,CO2,RH,Analog,Optm Bk",391.04
SLAWXC2,"Sensor,CO2,RH,Analog,Optm Wh",391.04
SLPSXC2,"Sensor,CO2,RH,BAC/MB",391.04
SLPBXC2,"Sensor,CO2,RH,BAC/MB,Optm Bk",401.89
SLPWXC2,"Sensor,CO2,RH,BAC/MB,Optm Wh",401.89
SLASLC2,"Sensor,CO2,RH,LCD,Analog",412.65
SLABLC2,"Sensor,CO2,RH,LCD,Analog,Optm Bk",436.91
SLAWLC2,"Sensor,CO2,RH,LCD,Analog,Optm Wh",436.85
SLPSLC2,"Sensor,CO2,RH,LCD,BAC/MB",423.39
SLPBLC2,"Sensor,CO2,RH,LCD,BAC/MB,Optm Bk",447.68
SLPWLC2,"Sensor,CO2,RH,LCD,BAC/MB,Optm Wh",447.68
SLASTC2,"Sensor,CO2,RH,Touch,Analog",469.27
SLABTC2,"Sensor,CO2,RH,Touch,Analog,Optm Bk",525.93
SLAWTC2,"Sensor,CO2,RH,Touch,Analog,Optm Wh",525.93
SLPSTC2,"Sensor,CO2,RH,Touch,BAC/MB",482.67
SLPBTC2,"Sensor,CO2,RH,Touch,BAC/MB,Optm Bk",536.7
SLPWTC2,"Sensor,CO2,RH,Touch,BAC/MB,Optm Wh",536.7
SLASTCX,"Sensor,CO2,Touch,Analog",423.39
SLABTCX,"Sensor,CO2,Touch,Analog,Optm Bk",480.04
SLAWTCX,"Sensor,CO2,Touch,Analog,Optm Wh",480.04
SLPSTCX,"Sensor,CO2,Touch,BAC/MB",436.85
SLPBTCX,"Sensor,CO2,Touch,BAC/MB,Optm Bk",490.77
SLPWTCX,"Sensor,CO2,Touch,BAC/MB,Optm Wh",490.77
SLASXCVX,"Sensor,CO2,VOC,Analog",366.85
SLABXCVX,"Sensor,CO2,VOC,Analog,Optm Bk",377.59
SLAWXCVX,"Sensor,CO2,VOC,Analog,Optm Wh",377.59
SLPSXCVX,"Sensor,CO2,VOC,BAC/MB",377.59
SLPBXCVX,"Sensor,CO2,VOC,BAC/MB,Optm Bk",391.04
SLPWXCVX,"Sensor,CO2,VOC,BAC/MB,Optm Wh",391.04
SLABLCVX,"Sensor,CO2,VOC,LCD,Analog,Optm Bk",423.39
SLAWLCVX,"Sensor,CO2,VOC,LCD,Analog,Optm Wh",423.39
SLPSLCVX,"Sensor,CO2,VOC,LCD,BAC/MB",412.65
SLPBLCVX,"Sensor,CO2,VOC,LCD,BAC/MB,Optm Bk",436.85
SLPWLCVX,"Sensor,CO2,VOC,LCD,BAC/MB,Optm Wh",436.85
SLASXCV2,"Sensor,CO2,VOC,RH,Analog",423.39
SLABXCV2,"Sensor,CO2,VOC,RH,Analog,Optm Bk",436.85
SLAWXCV2,"Sensor,CO2,VOC,RH,Analog,Optm Wh",436.85
SLPSXCV2,"Sensor,CO2,VOC,RH,BAC/MB",436.85
SLPBXCV2,"Sensor,CO2,VOC,RH,BAC/MB,Optm Bk",447.68
SLPWXCV2,"Sensor,CO2,VOC,RH,BAC/MB,Optm Wh",447.68
SLASLCV2,"Sensor,CO2,VOC,RH,LCD,Analog",401.89
SLABLCV2,"Sensor,CO2,VOC,RH,LCD,Analog,Optm Bk",469.27
SLAWLCV2,"Sensor,CO2,VOC,RH,LCD,Analog,Optm Wh",469.27
SLPBLCV2,"Sensor,CO2,VOC,RH,LCD,BAC/MB,Optm Bk",482.67
SLPWLCV2,"Sensor,CO2,VOC,RH,LCD,BAC/MB,Optm Wh",482.67
SLASTCV2,"Sensor,CO2,VOC,RH,Touch,Analog",504.21
SLABTCV2,"Sensor,CO2,VOC,RH,Touch,Analog,Optm Bk",558.26
SLAWTCV2,"Sensor,CO2,VOC,RH,Touch,Analog,Optm Wh",558.26
SLPSTCV2,"Sensor,CO2,VOC,RH,Touch,BAC/MB",515.06
SLPBTCV2,"Sensor,CO2,VOC,RH,Touch,BAC/MB,Optm Bk",571.73
SLPWTCV2,"Sensor,CO2,VOC,RH,Touch,BAC/MB,Optm Wh",571.73
SLASTCVX,"Sensor,CO2,VOC,Touch,Analog",436.85
SLABTCVX,"Sensor,CO2,VOC,Touch,Analog,Optm Bk",490.77
SLAWTCVX,"Sensor,CO2,VOC,Touch,Analog,Optm Wh",490.77
SLPSTCVX,"Sensor,CO2,VOC,Touch,BAC/MB",447.68
SLPBTCVX,"Sensor,CO2,VOC,Touch,BAC/MB,Optm Bk",501.6
SLPWTCVX,"Sensor,CO2,VOC,Touch,BAC/MB,Optm Wh",501.6
SLABLXX,"Sensor,LCD,Analog,Optm Bk",195.27
SLAWLXX,"Sensor,LCD,Analog,Optm Wh",147.5
SLPSLXX,"Sensor,LCD,BAC/MB",135.18
SLPWLXX,"Sensor,LCD,BAC/MB,Optm Wh",150.23
SLASXX2,"Sensor,RH,Analog",194.26
SLAWXX2,"Sensor,RH,Analog,Optm Wh",207.8
SLPSXX2,"Sensor,RH,BAC/MB",207.8
SLPBXX2,"Sensor,RH,BAC/MB,Optm Bk",218.43
SLPWXX2,"Sensor,RH,BAC/MB,Optm Wh",218.43
SLASLX2,"Sensor,RH,LCD,Analog",229.2
SLABLX2,"Sensor,RH,LCD,Analog,Optm Bk",253.58
SLAWLX2,"Sensor,RH,LCD,Analog,Optm Wh",253.58
SLPSLX2,"Sensor,RH,LCD,BAC/MB",240.16
SLPBLX2,"Sensor,RH,LCD,BAC/MB,Optm Bk",264.32
SLPWLX2,"Sensor,RH,LCD,BAC/MB,Optm Wh",264.32
SLASTX2,"Sensor,RH,Touch,Analog",275.12
SLABTX2,"Sensor,RH,Touch,Analog,Optm Bk",307.51
SLAWTX2,"Sensor,RH,Touch,Analog,Optm Wh",307.51
SLPSTX2,"Sensor,RH,Touch,BAC/MB",285.95
SLPBTX2,"Sensor,RH,Touch,BAC/MB,Optm Bk",318.21
SLPWTX2,"Sensor,RH,Touch,BAC/MB,Optm Wh",318.21
SLASXXX,"Sensor,Temp,10KT3,No Comms,w/Cover",30.64
SXWSATXXXRXX,"Sensor,Temp,10KT3,No Comms,w/Cover",46.88
SLABXXX,"Sensor,Temp,10KT3,W/Optim Blk Cover",44.25
SLAWXXX,"Sensor,Temp,10KT3,W/Optim Wht Cover",41.77
SLPSXXX,"Sensor,Temp,BAC/MB",111.14
SLPBXXX,"Sensor,Temp,BAC/MB,Optm Bk",138.64
SLPWXXX,"Sensor,Temp,BAC/MB,Optm Wh",131.34
SXWSATXXXSLX,"Sensor,Temp,LCD,3 Button,w/Cover",139.24
SLASTXX,"Sensor,Touch,Analog",165.96
SLABTXX,"Sensor,Touch,Analog,Optm Bk",222.1
SLAWTXX,"Sensor,Touch,Analog,Optm Wht",222.02
SLPSTXX,"Sensor,Touch,BAC/MB",174.12
SLPBTXX,"Sensor,Touch,BAC/MB,Optm Bk",244.54
SLPWTXX,"Sensor,Touch,BAC/MB,Optm Wh",219.49
6920121,SensTempDuct STD300-300 -50/50,156.97
6920241,SensTempPipe STP300-1000/100,135.88
6920321,SensTempPipe STP300-200 0/160,138.87
6920281,SensTempPipe STP300-200 -50/50,138.87
6920361,SensTempPipe STP300-300 0/100,141.98
6920381,SensTempPipe STP300-300 0/160,141.98
6920341,SensTempPipe STP300-300 -50/50,141.98
6920421,SensTempPipe STP300-400 0/100,144.45
6920441,SensTempPipe STP300-400 0/160,144.45
6920401,SensTempPipe STP300-400 -50/50,144.45
6920721,SensTmpAvDct STD400-30 0/100,362.19
6920761,SensTmpAvDct STD400-60 0/100,468.92
6920921,SensTmpAvDct STD410-60 0/100,468.92
6920701,SensTmpAvDuc STD400-04 -50/50,362.19
9141023010,Shaft extesion AV8-25,101.56
SHD2XA2C,SHD2 ANALOG 2%RH 1000 PT RTD,450.8
SHD2XA2H,SHD2 ANALOG 2%RH 10K T3,450.8
SHD2XA2A,SHD2 ANALOG 2%RH TEMP Tx,450.8
SHO2XA2C,SHO2 ANALOG 2%RH 1000 PT RTD,475.08
SHO2XA2H,SHO2 ANALOG 2%RH 10K T3,475.08
SHO2XA2A,SHO2 ANALOG 2%RH TEMP Tx,475.08
MG600C-SRU,Short Yoke Forta Actuator 600N SRU,480.07
SXWSWSCDL100001,SMART CONNECTOR DEPLOYMENT LIC,845.36
TTS-SD-LCD-1,SMART SNSR LCD DISPLAY 10K OHM,196.4
SXWASPXXX10001,SMARTX CONTROLLER AS-P,2728.4
SXWRCF12A10001,SmartX Controller RP-C-12A-F-24V,609.9
SXWRCF12B10001,SmartX Controller RP-C-12B-F-24V,609.9
SXWASPXXX10002,SmartX Controller without LON AS-P-NL,1177
SXWMPC36A1S001,SmartX IP Controller MP-C-36A Smoke,1521
VP228E-10BQLNT,SMARTX PIBCV DN10 - LOW FLOW,115.67
VP228E-10BQSNT,SMARTX PIBCV DN10 - STD FLOW,112.7
VP220F-100CQH,SmartX PIBCV DN100 - High Flow,5615.88
VP220F-100CQH-0,SmartX PIBCV DN100 - HIGH FLOW,5391.21
VP220F-100CQS,SMARTX PIBCV DN100 - STD FLOW,3903.96
VP220F-100CQS-0,SmartX PIBCV DN100 - STD FLOW,3903.96
VP228E-10BQL,SMARTX PIBCV DN10-LOW FLOW+PT,134.32
VP228E-10BQL-0,SmartX PIBCV DN10-LOW FLOW+PT,134.32
VP228E-10BQS,SMARTX PIBCV DN10-STD FLOW+PT,130.87
VP228E-10BQS-0,SmartX PIBCV DN10-STD FLOW+PT,130.87
VP221F-125CQH,SMARTX PIBCV DN125 - HIGH FLOW,9287.42
VP221F-125CQH-0,SmartX PIBCV DN125 - HIGH FLOW,9287.42
VP221F-125CQS-0,SmartX PIBCV DN125-STD FLOW,6575.62
VP221F-125CQS,SMARTX PIBCV DN125-STD FLOW,7364.74
VP229E-15BQHNT,SMARTX PIBCV DN15 - HIGH FLOW,183.03
VP229E-15BQHNT-0,SmartX PIBCV DN15 - HIGH FLOW,183.03
VP228E-15BQSNT-0,SmartX PIBCV DN15 - STD FLOW,120.83
VP228E-15BQSNT,SMARTX PIBCV DN15 - STD FLOW,138.97
VP228E-15BQLNT,SMARTX PIBCV DN15- LOW FLOW,119.64
VP221F-150CQH-0,SmartX PIBCV DN150 - HIGH FLOW,12189.76
VP221F-150CQH,SMARTX PIBCV DN150 - HIGH FLOW,13408.81
VP221F-150CQS,SMARTX PIBCV DN150 - STD FLOW,9885.02
VP221F-150CQS-0,SmartX PIBCV DN150 - STD FLOW,9885.02
VP228E-15BQL,SMARTX PIBCV DN15-LOW FLOW+PT,139.28
VP228E-15BQL-0,SmartX PIBCV DN15-LOW FLOW+PT,139.28
VP228E-15BQS,SMARTX PIBCV DN15-STD FLOW+PT,139.28
VP228E-15BQS-0,SmartX PIBCV DN15-STD FLOW+PT,139.28
VP229E-20BQHNT-0,SmartX PIBCV DN20 - HIGH FLOW,204.43
VP228E-20BQSNT-0,SmartX PIBCV DN20 - STD FLOW,132.72
VP222F-200CQH,SMARTX PIBCV DN200 - HIGH FLOW,16833.41
VP222F-200CQH-0,SmartX PIBCV DN200 - HIGH FLOW,16833.41
VP222F-200CQS-0,SmartX PIBCV DN200 - STD FLOW,14221.34
VP222F-200CQS,SMARTX PIBCV DN200 - STD FLOW,16354.54
VP228E-20BQS-0,SmartX PIBCV DN20-STD FLOW+PT,152.77
VP228E-20BQS,SMARTX PIBCV DN20-STD FLOW+PT,163.51
VP229E-25BQHNT,SMARTX PIBCV DN25 - HIGH FLOW,309.55
VP229E-25BQHNT-0,SmartX PIBCV DN25 - HIGH FLOW,309.55
VP229E-25BQSNT,SMARTX PIBCV DN25 - STD FLOW,230.17
VP229E-25BQSNT-0,SmartX PIBCV DN25 - STD FLOW,230.17
VP222F-250CQH,SMARTX PIBCV DN250 - HIGH FLOW,21767.26
VP222F-250CQH-0,SmartX PIBCV DN250 - HIGH FLOW,21767.26
VP222F-250CQS,SMARTX PIBCV DN250 - STD FLOW,18864.94
VP222F-250CQS-0,SmartX PIBCV DN250 - STD FLOW,18864.94
VP229E-25BQS-0,SmartX PIBCV DN25-STD FLOW+PT,240.34
VP229E-25BQS,SMARTX PIBCV DN25-STD FLOW+PT,252.33
VP229E-32BQHNT,SMARTX PIBCV DN32 - HIGH FLOW,671.18
VP229E-32BQHNT-0,SmartX PIBCV DN32 - HIGH FLOW,671.18
VP229E-32BQSNT,SMARTX PIBCV DN32 - STD FLOW,351.77
VP229E-32BQSNT-0,SmartX PIBCV DN32 - STD FLOW,351.77
VP229E-32BQS-0,SmartX PIBCV DN32-STD FLOW+PT,383.21
VP229E-32BQS,SMARTX PIBCV DN32-STD FLOW+PT,402.39
VP220E-40CQS,SMARTX PIBCV DN40 - STD FLOW,1053.92
VP220E-40CQS-0,SmartX PIBCV DN40 - STD FLOW,1053.92
VP220E-50CQS,SMARTX PIBCV DN50 - STD FLOW,1129.43
VP220E-50CQS-0,SmartX PIBCV DN50 - STD FLOW,1129.43
VP220F-50CQS,SMARTX PIBCV DN50- STD FLOW,1767.9
VP220F-50CQS-0,SmartX PIBCV DN50- STD FLOW,1767.9
VP220F-65CQH-0,SmartX PIBCV DN65 - HIGH FLOW,2667.42
VP220F-65CQS,SMARTX PIBCV DN65 - STD FLOW,2478.78
VP220F-65CQS-0,SmartX PIBCV DN65 - STD FLOW,2478.78
VP220F-80CQH-0,SmartX PIBCV DN80 - HIGH FLOW,3224.96
VP220F-80CQS,SMARTX PIBCV DN80 - STD FLOW,2912.61
VP220F-80CQS-0,SmartX PIBCV DN80 - STD FLOW,2912.61
SXWUSBCBL10002,SmartX Plenum Rated USB Extension Cable,67.37
SXWUSBCRA10001,SmartX USB Adapter Cradle,48.97
SXWUSBCBL10001,SmartX USB Extension Cable,33.17
SXWZBAUSB10001,SmartX Zigbee Adapter,153.01
6553034000,Smoke detector UG-3-A4O,640.58
6553039000,Smoke Sensor UG-Cover,686.6
6553014000,Smokedetector EVC-PY-DA,243.88
6553036000,Smokedetector UG-3-A5O,462.84
6553028000,Smokedetector UG-3-O,299.1
SXWASPSBX10002,SpaceLogic AS-P-NLS,650.09
SXWASPSBX10001,SpaceLogic AS-P-S,715.1
SXWADBUND10013,SpaceLogic Controller AD V3 refresh,2152.84
SXWASB24PX10001,SpaceLogic Controller AS-B 24 Scalable,717.42
SXWASB24HP10001,SpaceLogic Controller AS-B 24H Scalable,1072.66
SXWASB36PX10001,SpaceLogic Controller AS-B 36 Scalable,965.41
SXWASB36HP10001,SpaceLogic Controller AS-B 36H Scalable,1608.92
SXWASPSBX1S001,SpaceLogic Controller AS-P Smoke Secure,1101.38
SXWREISBLE10001,SpaceLogic Insight-Sensor,637.14
TC907-3A4DPSA,"SpaceLogic,Thermostat",175.37
SXWMPCCON10001,SPARE SCREW TERMINAL FOR MP-C,80.35
SXWMPVCON10001,SPARE SCREW TERMINAL FOR MP-V,64.5
4700340,SPD310-1000/1200/2500/5000Pa,226.75
9141062000,Spindle clamp revers K-MD10,74.34
MD20SR-TS,SPRING RETURN DAMPER ACTUATOR MD20SR-TS,406.95
MP300-SRD-0,SR Close actuator-multi signal,338.33
MP2000-SRD-0,SR Close multi-signal act. 24V,2292.9
MP2000-SRD,SR CLOSE MULTI-SIGNAL ACT. 24V,2453.42
MP2000-SRD-230,SR CLOSE MULTI-SIGNAL ACT.230V,2292.9
MP2000-SRD-230-0,SR Close multi-signal act.230V,2292.9
MP300-SRU-0,SR Open actuator-multi signal,288.11
MP300-SRU,SR OPEN ACTUATOR-MULTI SIGNAL,315.63
MP2000-SRU-230-0,SR Open milti-signal act. 230V,2292.9
MP2000-SRU-230,SR OPEN MULTI-SIGNAL ACT. 230V,2292.9
MP2000-SRU,SR OPEN MULTI-SIGNAL ACT. 24V,2292.9
MP2000-SRU-0,SR Open multi-signal act. 24V,2292.9
AV-823,Steam extension: VG210_/VG310_,19.76
8800111000,Stem Heater - V321 DN125-150,1130.34
8800110000,Stem Heater - V321 DN65-100,1130.34
5127040000,STT900 Frost Stat A 0 6m,151.83
5127010000,STT901 Frost Stat A 1 8m,133.71
5127020000,STT902 Frost Stat A 3m,128.14
5127000000,STT903 Frost Stat A 6m,141.69
5127030000,STT904 Frost Stat A 12m,184.56
5127060000,STT911 Frost Stat M 1 8m,173.01
5127070000,STT912 FROST STAT M 3M,162.62
5127050000,STT913 FROST STAT M 6M,179.45
100108110,Stuffing box VG211 Spare,129.76
100108100,Stuffing box VG222/VG321 Spare,51.68
4701080,Swich Pres Air SPD910-1000Pa,52.21
4701090,Swich Pres Air SPD910-2000Pa,48.79
4701060,Swich Pres Air SPD910-300Pa,52.21
4701070,Swich Pres Air SPD910-500Pa,52.21
9141060000,Switch aux MD-S1,75.72
9141061000,Switch aux MD-S2,119.11
SXWTBASW110002,TB-ASP-W1 TERM BASE ASP W1,87.53
SXWTBIOW110001,TB-IO-W1 TERM BASE I/O W1,70.11
SXWTBPSW110001,TB-PS-W1 TERM BASE PWR SUP W1,70.11
SXWTERLBL10011,TERM LBL PRINTOUT SHT W1 A4,314.54
SXWTERLBL10012,"Term Lbl printout sht, W1, Ltr,100 sheet",628.09
6551001000,Termom.-40/+60oC L200mm?100mm,35.45
SXWSWECDBTS001,Timescale DB Option - EC,2790.25
SXWSWESDBTS001,Timescale DB Option - ES,558.26
SXWSWASDBXS001,Timescale DB Option - SmartX,328.42
TIWD1B0,TMP IMRSN WTIGHT 8IN,296.21
3411040000,Transformer 40VA YT 40,74.43
3411060000,Transformer 60VA YT 60,93.2
3411100010,Transformer 96 VA YT 96,95.47
3413032000,Transformer TR 32,73.43
3413060000,Transformer TR 60,83
TC903-3A4LXPXA,Tstat FCU on/off 3A B/M 240V Medium,155.15
TC907-3A4LXPXAB,Tstat FCU on/off 3A B/M 240V Optimum,186.18
TC903-3A4LDPSA,Tstat FCU on/off 3A B/M D 240V Medium,197.95
TC907-3A4LDPSAB,Tstat FCU on/off 3A B/M D 240V Optimum,237.54
TC903-EF4LDPSA,Tstat FCU on/off ECM B/M D 240V Medium,201.16
TC907-EF4LDPSAB,Tstat FCU on/off ECM B/M D 240V Optimum,240.75
TC903-3A4PDPSA,Tstat FCU prop 3A B/M D 240V Medium,179.76
TC907-3A4PDPSAB,Tstat FCU prop 3A B/M D 240V Optimum,216.14
TC903-3A4PDPSA-24,Tstat FCU prop 3A B/M D 24V Medium,179.76
TC907-3A4PDPSA-24B,Tstat FCU prop 3A B/M D 24V Optimum,216.14
TC903-3A2L,"TStat,FCU,LCD,2P,240V,Wt",80.12
TC903-3A4LA,"TStat,FCU,LCD,4P,240V,Wt",91.79
TC903-3A4DLSA,"TStat,FCU,LCD,4P,240V,XS,Wt",119.95
TC903-3A4LMA,"TStat,FCU,LCD,Modbus,4P,240V,Wt",140.53
TC903-3A4DLMSA,"TStat,FCU,LCD,Modbus,4P,240V,XS,Wt",179.23
TC903-4FMSA,"TStat,FCU,LCD,Modbus,4P,ECM,240V,Wt",181.96
TC907-3A2L,"TStat,FCU,Touch,2P,240V,Wt",140.87
TC907-3A4LA,"TStat,FCU,Touch,4P,240V,Wt",152.39
TC907-3A4DLSAB,"TStat,FCU,Touch,4P,240V,XS,Bk",166.86
TC907-3A4DLSA,"TStat,FCU,Touch,4P,240V,XS,Wt",166.86
TC907-3A4LMA,"TStat,FCU,Touch,Modbus,4P,240V,Wt",187.52
TC907-3A4DLMSA,"TStat,FCU,Touch,Modbus,4P,240V,XS,Wt",211.66
TC907-4FMSA,"TStat,FCU,Touch,Modbus,4P,ECM,240V,Wt",228.79
TC903-3A4DPSA,"TStat,FCU-P,LCD,4P,240V,XS,Wt",135.92
TC903-3A4DPMSA,"TStat,FCU-P,LCD,Modbus,4P,240V,XS,Wt",163
TC903-3A4DPMSA-24,"TStat,FCU-P,LCD,Modbus,4P,24V,XS,Wt",163
TC907-3A2P-24,"TStat,FCU-P,Touch,2P,24V,Wt",158.64
TC907-3A4DPMSA,"TStat,FCU-P,Touch,Modbus,4P,240V,XS,Wt",209.8
TC907-3A4DPMSA-24,"TStat,FCU-P,Touch,Modbus,4P,24V,XS,Wt",209.86
MP130-230T,TWO POSITION ACTUATOR 230 V,169.44
MP130-24T,TWO POSITION ACTUATOR 24 V,133.98
MP130-230T-0,"Two position actuator, 230 V",169.44
MP130-24T-0,"Two position actuator, 24 V",133.98
6553049000,UG-MB,59.99
SXWUI16XX10001,UI-16 16 UNIVERSAL IN,508.47
SXWUI8A4X10001,UI-8/AO-4 UI/AO V/MA,556.24
SXWUI8A4H10001,UI-8/AO-4-H UI/AO V/mA HAND,695.17
SXWUI8V4X10001,UI-8/AO-V-4 UI/AO V,444.95
SXWUI8V4H10001,UI-8/AO-V-4-H UI/AO V HAND,645.55
SXWUI8D4X10001,UI-8/DO-FC-4 UI/DO FORM C,444.95
SXWUI8D4H10001,UI-8/DO-FC-4-H UI/DO FRMC HAND,662.12
SXWRE010DIM10001,Universal Dim module*,217.51
SXWADUSBC10002,"USB cable, Y-shaped, 1.35m (4.43 ft.)",85.98
SXWADUSBC10003,"USB cable, Y-shaped, 2.85m (9.35 ft.)",99.67
SXWADUSBB10002,USB Y CABLE SMARTX CONTR. 3 M,69.21
SXWADUSBC10001,"USB-C cable, Straight, 2.4m (7.87 ft.)",60.59
7212262000,V222 Valve PN16 DN100 kvs130,1298.19
7212266000,V222 Valve PN16 DN125 Kvs250,1636.68
7212270000,V222 Valve PN16 DN150 Kvs350,1992
7219270000,V292 Valve PN16 DN150 Kvs350,3390.8
7219266000,V292 Valve PN25 DN125 Kvs250,3027.57
7219262010,"V292 Valve, PN25, DN100,Kvs130",2902.5
7219254010,"V292 Valve, PN25, DN65, Kvs63",1695.11
7219258010,"V292 Valve, PN25, DN80, Kvs85",1974.36
7213238000,Valve 2 Way Flange V232/25/10,510.74
7213242000,Valve 2 Way Flange V232/32/16,578.97
7213246000,Valve 2 Way Flange V232/40/25,703.57
7213250000,Valve 2 Way Flange V232/50/38,828.31
7211120000,Valve 2Way Flange V211/15/2.5,233.75
7211244000,Valve 2Way Flange V212/50/38,711.9
7213106000,Valve 2Way Flange V231/15/0.25,238.42
7213110000,Valve 2Way Flange V231/15/0.40,238.42
7213114000,Valve 2Way Flange V231/15/0.63,238.42
7213118000,Valve 2Way Flange V231/15/1.0,238.42
7213122000,Valve 2Way Flange V231/15/1.6,238.42
7213126000,Valve 2Way Flange V231/15/2.5,238.42
7213130000,Valve 2Way Flange V231/15/4.0,238.42
7213138000,Valve 2Way Flange V231/25/10,283.88
7213142000,Valve 2Way Flange V231/32/16,414.6
7213146000,Valve 2Way Flange V231/40/25,414.6
VGS211F-20CS,Valve 2Way Flange VGS211F/20/6.3,690.86
7211744000,Valve 2Way Thread V211T/50/38,326.44
7214110000,Valve 2Way Thread V241/15/0.40,149
7214114000,Valve 2Way Thread V241/15/0.63,149
7214118000,Valve 2Way Thread V241/15/1.0,149
7214122000,Valve 2Way Thread V241/15/1.6,149
7214126000,VALVE 2WAY THREAD V241/15/2.5,149
7214130000,VALVE 2WAY THREAD V241/15/4.0,149
7214106000,VALVE 2WAY THREAD V241/15/KV0.,149
7214134000,VALVE 2WAY THREAD V241/20/6.3,169.85
7214138000,VALVE 2WAY THREAD V241/25/10,193.64
7214142000,VALVE 2WAY THREAD V241/32/16 (,234.75
7214146000,VALVE 2WAY THREAD V241/40/25,266.57
7214150000,VALVE 2WAY THREAD V241/50/38 (,358.67
7210702000,Valve 2Way Zone VZ22/15/0.16,44.4
7210706000,Valve 2Way Zone VZ22/15/0.25,44.4
7210710000,Valve 2Way Zone VZ22/15/0.4,44.4
7210718000,Valve 2Way Zone VZ22/15/1,44.4
7210722000,Valve 2Way Zone VZ22/15/1.6,44.4
7210726000,Valve 2Way Zone VZ22/20/2.5,69.48
7210730000,Valve 2Way Zone VZ22/20/4,69.48
VG311F-80C,Valve 3 way FI pn 16 VG311-80-100,899.4
7314125000,VALVE 3 WAY THREAD V341/15/2.5,173.26
7314133000,VALVE 3 WAY THREAD V341/20/6.3,193.64
7314137000,VALVE 3 WAY THREAD V341/25/10,213.97
7314141000,VALVE 3 WAY THREAD V341/32/16,255.25
7314145000,VALVE 3 WAY THREAD V341/40/25,298.44
7314149000,VALVE 3 WAY THREAD V341/50/38,384.94
7310730000,VALVE 3 WAY ZONE VZ32/20/4 (73,98.79
7317065000,Valve 3Way Flan.VTRE-F DN 100,746.11
7317067000,Valve 3Way Flan.VTRE-F DN 125,942.46
7317069000,Valve 3Way Flan.VTRE-F DN 150,1178.36
7317039000,Valve 3Way Flan.VTRE-F DN 20,192.98
7317041000,Valve 3Way Flan.VTRE-F DN 25,201.98
7317045000,Valve 3Way Flan.VTRE-F DN 32,257.63
7317049000,Valve 3Way Flan.VTRE-F DN 40,274.62
7317053000,Valve 3Way Flan.VTRE-F DN 50,353.84
7317057000,Valve 3Way Flan.VTRE-F DN 65,530.22
7317061000,Valve 3Way Flan.VTRE-F DN 80,608.66
7311717000,Valve 3Way Thread V311T/15/1.6,162.41
7311721000,Valve 3Way Thread V311T/15/2.5,162.41
7311733000,Valve 3Way Thread V311T/25/10,208.48
7311737000,Valve 3Way Thread V311T/32/16,230.08
7311741000,Valve 3Way Thread V311T/40/25,284.59
7311745000,Valve 3Way Thread V311T/50/38,398.06
7314121000,Valve 3Way Thread V341/15/1.6,173.26
7314129000,VALVE 3WAY THREAD V341/15/4.0,173.26
7310727000,Valve 3Way Zone CO VZ32/20/2.5,112
7310731000,Valve 3Way Zone CO VZ32/20/4,112
7310706000,Valve 3Way Zone VZ32/15/0.25,67.99
7310710000,Valve 3Way Zone VZ32/15/0.4,67.99
7310714000,Valve 3Way Zone VZ32/15/0.63,67.99
7310718000,Valve 3Way Zone VZ32/15/1,67.99
7310722000,VALVE 3WAY ZONE VZ32/15/1.6,67.99
7310726000,Valve 3Way Zone VZ32/20/2.5,98.79
7410706000,Valve 4Way Zone VZ42/15/0.25,71.51
7410710000,Valve 4Way Zone VZ42/15/0.4,71.51
7410714000,Valve 4Way Zone VZ42/15/0.63,71.51
7410718000,Valve 4Way Zone VZ42/15/1,71.51
7410722000,Valve 4Way Zone VZ42/15/1.6,71.51
7410726000,Valve 4Way Zone VZ42/20/2.5,108.04
7410730000,Valve 4Way Zone VZ42/20/4,108.04
7212254000,Valve2WayFl.PN16 V222/65/63,757.71
7212258000,Valve2WayFl.PN16 V222/80/100,962.51
7312165010,Valve3WayFL.PN16 V321/125/250,3388.63
7312169010,valve3WayFl.PN16 V321/150/320,4177.96
7312153010,Valve3WayFl.PN16 V321/65/63,825.64
7312157010,Valve3WayFl.PN16 V321/80/100,947.35
VB200R-20BS,VB200R-20BS 8.7T 00,143.07
VB210R-15BS03,VB210R-15BS 0.6T 00,110.31
VB210R-15BS04,VB210R-15BS 1.0T 00,110.31
VB210R-15BS05,VB210R-15BS 1.8T 00,110.31
VB210R-15BS07,VB210R-15BS 3.0T 00,130.4
VB210R-15BS08,VB210R-15BS 4.0T 00,130.4
VB210R-20BS09,VB210R-20BS 6.3T 00,131.34
VB310R-15BS05,VB310R-15BS 1.6T 00,174.43
VB310R-15BS09,VB310R-15BS 6.3T 00,203.37
7211116000,Ventil 2WAY Flanged V211/15/1.6,233.75
7211124000,Ventil 2WAY Flanged V211/15/4,233.75
7211128000,Ventil 2WAY Flanged V211/20/6.3,272.77
7211132000,Ventil 2WAY Flanged V211/25/10,311.4
7211136000,Ventil 2WAY Flanged V211/32/16,350.28
7211140000,Ventil 2WAY Flanged V211/40/25,389.15
7211144000,Ventil 2WAY Flanged V211/50/38,453.71
7211236000,Ventil 2WAY Flanged V212/32/16,600.66
7211240000,Ventil 2WAY Flanged V212/40/25,669.58
7211716000,Ventil 2WAY Threaded V211T/15/1.6,142.7
7211720000,Ventil 2WAY Threaded V211T/15/2.5,142.7
7211724000,Ventil 2WAY Threaded V211T/15/4,171.26
7211728000,Ventil 2WAY Threaded V211T/20/6.3,155.59
7211732000,Ventil 2WAY Threaded V211T/25/10,187.95
7211736000,Ventil 2WAY Threaded V211T/32/16,215.48
7211740000,Ventil 2WAY Threaded V211T/40/25,292.04
7211832000,Ventil 2WAY Threaded V212T/25/10,462.15
7211836000,Ventil 2WAY Threaded V212T/32/16,486.57
7211840000,Ventil 2WAY Threaded V212T/40/25,552.77
7211844000,Ventil 2WAY Threaded V212T/50/38,609.86
7311117000,Ventil 3WAY Flanged V311/15/1.6,246.78
7311121000,Ventil 3WAY Flanged V311/15/2.5,300.17
7311125000,Ventil 3WAY Flanged V311/15/4,246.78
7311129000,Ventil 3WAY Flanged V311/20/6.3,272.77
7311133000,Ventil 3WAY Flanged V311/25/10,311.4
7311137000,Ventil 3WAY Flanged V311/32/16,350.28
7311141000,Ventil 3WAY Flanged V311/40/25,421.76
7311145000,Ventil 3WAY Flanged V311/50/38,467.13
7311725000,Ventil 3WAY Threaded V311T/15/4,162.41
7311729000,Ventil 3WAY Threaded V311T/20/6.3,175.61
7312161010,Ventil3WAYFl.PN16 V321/100/160,1190.33
9814000311,Venturi Pipe - 2.8 m Integrated Fan,317.79
VF208W-65NS,VF208W 65NZ 260E B00,244.9
VG221F-100C,VG221F-100C 130M SU00,1311.1
VG221F-125C,VG221F-125C 200M SU00,1675.46
VG221F-150C,VG221F-150C 300M SU00,2306.38
VG221F-65C,VG221F-65C 63M SU00,859.41
VG221F-80C,VG221F-80C 100M SU00,1091.77
VG311F-100C,VG311F-100C 130M SU00,1056.23
VG311F-125C,VG311F-125C 200M SU00,2214.23
VG311F-150C,VG311F-150C 300M SU00,2776.46
VG311F-65C,VG311F-65C 63M SU00,737.22
VGS211F-100CS,VGS211F-100CS 140M SD00,2076.32
VGS211F-15CS03,VGS211F-15CS 0.63M SD00,634.02
VGS211F-15CS05,VGS211F-15CS 1.6M SD00,634.02
VGS211F-15CS04,VGS211F-15CS 1M SD00,634.02
VGS211F-15CS07,VGS211F-15CS 2.5M SD00,634.02
VGS211F-15CS08,VGS211F-15CS 4M SD00,634.02
VGS211F-25CS,VGS211F-25CS 10M SD00,773.7
VGS211F-32CS,VGS211F-32CS 16M SD00,838.01
VGS211F-40CS,VGS211F-40CS 25M SD00,875.3
VGS211F-50CS,VGS211F-50CS 35M SD00,946.67
VGS211F-65CS,VGS211F-65CS 63M SD00,1411.91
VGS211F-80CS,VGS211F-80CS 110M SD00,1744.04
VT2222,VLV BODY 2POS 2W 1/2IN NPT,29.17
VT2223,VLV BODY 2POS 2W 1/2IN NPT,29.76
VT2233,VLV BODY 2POS 2W 15MM RP,31.16
VT2232,VLV BODY 2POS 2W 15MM RP,31.37
VT2231,VLV BODY 2POS 2W 15MM RP,33.15
VT2332,VLV BODY 2POS 2W 20MM RP,37.49
VT2333,VLV BODY 2POS 2W 20MM RP,38.31
VT2337,VLV BODY 2POS 2W 20MM RP,47.6
VT2437,VLV BODY 2POS 2W 25MM RP,68
VT2325,VLV BODY 2POS 2W 3/4IN NPT,35.7
VT2327,VLV BODY 2POS 2W 3/4IN NPT,36.8
VT3233,VLV BODY 2POS 3W 15MM RP,40.88
VT3232,VLV BODY 2POS 3W 15MM RP,41.91
VT3231,VLV BODY 2POS 3W 15MM RP,44.53
VT3335,VLV BODY 2POS 3W 20MM RP,49.11
VT3332,VLV BODY 2POS 3W 20MM RP,49.82
VT3337,VLV BODY 2POS 3W 20MM RP,60.18
VT3333,VLV BODY 2POS 3W 20MM RP,83.95
VT3437,VLV BODY 2POS 3W 25MM RP,91.22
VM2427,VLV BODY MOD 2W 1IN NPT,90.54
VM2223P13A000,VLV MOD 2W 1/2IN NPT PROP SR,237.64
VM2437T33A000,VLV MOD 2W 25MM RP FLT NSR,90
VM2323T33A000,VLV MOD 2W 3/4IN NPT FLT NSR,177.07
VZ208C-15BP01,VZ208C-15BP 0.25E SU 00,41.14
VZ208C-15BP02,VZ208C-15BP 0.4E SU 00,41.14
VZ208C-15BP03,VZ208C-15BP 0.6E SU 00,41.14
VZ208C-15BP04,VZ208C-15BP 1.0E SU 00,41.14
VZ208C-15BP05,VZ208C-15BP 1.6E SU 00,41.14
VZ208C-20BP07,VZ208C-20BP 2.5E SU 00,62.19
VZ208E-15BP01,VZ208E-15BP 0.25E SU 00,37.18
VZ208E-15BP02,VZ208E-15BP 0.4E SU 00,37.18
VZ208E-15BP03,VZ208E-15BP 0.6E SU 00,37.18
VZ208E-15BP04,VZ208E-15BP 1.0E SU 00,37.18
VZ208E-15BP05,VZ208E-15BP 1.6E SU 00,37.18
VZ208E-20BP07,VZ208E-20BP 2.5E SU 00,42.85
VZ208E-20BP08,VZ208E-20BP 4.0E SU 00,75.56
VZ208E-20BP09,VZ208E-20BP 6.0E SU 00,85.7
VZ219C-15BP01,VZ219C-15BP 0.25E SU 00,42.38
VZ219C-15BP02,VZ219C-15BP 0.4E SU 00,42.38
VZ219C-15BP03,VZ219C-15BP 0.6E SU 00,42.38
VZ219C-15BP04,VZ219C-15BP 1.0E SU 00,42.38
VZ219C-15BP05,VZ219C-15BP 1.6E SU 00,42.38
VZ219C-15BP06,VZ219C-15BP 2.0E SU 00,40.57
VZ219C-20BP07,VZ219C-20BP 2.5E SU 00,60.74
VZ219E-15BP01,VZ219E-15BP 0.25E SU 00,39.08
VZ219E-15BP02,VZ219E-15BP 0.4E SU 00,39.08
VZ219E-15BP03,VZ219E-15BP 0.6E SU 00,39.08
VZ219E-15BP04,VZ219E-15BP 1.0E SU 00,39.08
VZ219E-15BP05,VZ219E-15BP 1.6E SU 00,39.08
VZ219E-15BP06,VZ219E-15BP 2.0E SU 00,39.08
VZ219E-20BP07,VZ219E-20BP 2.5E SU 00,48.01
VZ219E-20BP08,VZ219E-20BP 4.0E SU 00,82.62
VZ219E-20BP09,VZ219E-20BP 6.0E SU 00,89.78
VZ308C-15BP01,VZ308C-15BP 0.25E SU 00,48.59
VZ308C-15BP02,VZ308C-15BP 0.4E SU 00,48.59
VZ308C-15BP04,VZ308C-15BP 1.0E SU 00,48.59
VZ308C-15BP05,VZ308C-15BP 1.6E SU 00,48.59
VZ308C-20BP07,VZ308C-20BP 2.5E SU 00,65.64
VZ308E-15BP01,VZ308E-15BP 0.25E SU 00,41.79
VZ308E-15BP02,VZ308E-15BP 0.4E SU 00,41.79
VZ308E-15BP03,VZ308E-15BP 0.6E SU 00,41.79
VZ308E-15BP04,VZ308E-15BP 1.0E SU 00,41.79
VZ308E-15BP05,VZ308E-15BP 1.6E SU 00,41.79
VZ308E-20BP07,VZ308E-20BP 2.5E SU 00,49.66
VZ308E-20BP08,VZ308E-20BP 4.0E SU 00,95.06
VZ308E-20BP09,VZ308E-20BP 6.0E SU 00,97.56
VZ319C-15BP01,VZ319C-15BP 0.25E SU 00,52.78
VZ319C-15BP02,VZ319C-15BP 0.4E SU 00,52.78
VZ319C-15BP03,VZ319C-15BP 0.6E SU 00,52.78
VZ319C-15BP04,VZ319C-15BP 1.0E SU 00,52.78
VZ319C-15BP05,VZ319C-15BP 1.6E SU 00,52.78
VZ319C-15BP06,VZ319C-15BP 2.0E SU 00,52.78
VZ319C-20BP07,VZ319C-20BP 2.5E SU 00,56.85
VZ319E-15BP01,VZ319E-15BP 0.25E SU 00,54
VZ319E-15BP02,VZ319E-15BP 0.4E SU 00,54
VZ319E-15BP03,VZ319E-15BP 0.6E SU 00,54
VZ319E-15BP04,VZ319E-15BP 1.0E SU 00,54
VZ319E-15BP05,VZ319E-15BP 1.6E SU 00,54
VZ319E-15BP06,VZ319E-15BP 2.0E SU 00,54
VZ319E-20BP07,VZ319E-20BP 2.5E SU 00,66.56
VZ319E-20BP08,VZ319E-20BP 4.0E SU 00,80.75
VZ319E-20BP09,VZ319E-20BP 6.0E SU 00,86.04
VZ408C-15BP01,VZ408C-15BP 0.25E SU 00,63.66
VZ408C-15BP02,VZ408C-15BP 0.4E SU 00,63.66
VZ408C-15BP03,VZ408C-15BP 0.6E SU 00,63.66
VZ408C-15BP04,VZ408C-15BP 1.0E SU 00,63.66
VZ408C-15BP05,VZ408C-15BP 1.6E SU 00,63.66
VZ408C-20BP07,VZ408C-20BP 2.5E SU 00,107.26
VZ408E-15BP01,VZ408E-15BP 0.25E SU 00,48.01
VZ408E-15BP02,VZ408E-15BP 0.4E SU 00,48.01
VZ408E-15BP03,VZ408E-15BP 0.6E SU 00,48.01
VZ408E-15BP04,VZ408E-15BP 1.0E SU 00,48.01
VZ408E-15BP05,VZ408E-15BP 1.6E SU 00,48.01
VZ408E-20BP07,VZ408E-20BP 2.5E SU 00,55.88
VZ408E-20BP08,VZ408E-20BP 4.0E SU 00,89.65
VZ408E-20BP09,VZ408E-20BP 6.0E SU 00,95.06
VZ419C-15BP01,VZ419C-15BP 0.25E SU 00,65.64
VZ419C-15BP02,VZ419C-15BP 0.4E SU 00,65.64
VZ419C-15BP03,VZ419C-15BP 0.6E SU 00,65.64
VZ419C-15BP04,VZ419C-15BP 1.0E SU 00,65.64
VZ419C-15BP05,VZ419C-15BP 1.6E SU 00,65.64
VZ419C-15BP06,VZ419C-15BP 2.0E SU 00,65.64
VZ419C-20BP07,VZ419C-20BP 2.5E SU 00,105.36
VZ419E-15BP01,VZ419E-15BP 0.25E SU 00,58.95
VZ419E-15BP02,VZ419E-15BP 0.4E SU 00,58.95
VZ419E-15BP03,VZ419E-15BP 0.6E SU 00,58.95
VZ419E-15BP04,VZ419E-15BP 1.0E SU 00,58.95
VZ419E-15BP05,VZ419E-15BP 1.6E SU 00,58.95
VZ419E-15BP06,VZ419E-15BP 2.0E SU 00,58.95
VZ419E-20BP07,VZ419E-20BP 2.5E SU 00,69.64
VZ419E-20BP08,VZ419E-20BP 4.0E SU 00,100.7
VZ419E-20BP09,VZ419E-20BP 6.0E SU 00,105.56
CP-LI-FL-SW-BSP0,"Water Flow Switch,BSP",89.58
CP-LI-FL-SW-NPT0,"Water Flow Switch,NPT",89.58
SFW1251,WATER FLOWSWITCH,549.31
SXWSWEWSX00001,WebServices EWS Cons,3752.09
SXWSWEWSX00002,WEBSERVICES EWS CONS SRV,2120.84
SXWSWEWSX00003,WebServices EWS Cons Srv Hist,4588.05
SXWSWGWSX00001,WebServices Generic Consume,34.13
SXWSWEWSL00001,"WebServices, EWS Cons for Linux",1399.35
SXWSWEWSL00002,"WebServices, EWS Cons,Srv for Linux",6716.87
SXWSWEWSL00003,"WebServices, EWS Cons,Srv,Hist for Linux",21493.96
SXWSWGWSL00001,"WebServices, Generic Consume for Linux",193.14
CP-LI-PR-TR-0100,"Wet Pressure Transmitter, 0-100 kPa",203.28
CP-LI-PR-TR-1000,"Wet Pressure Transmitter, 0-1000 kPa",191.67
CP-LI-PR-TR-1600,"Wet Pressure Transmitter, 0-1600 kPa",191.67
CP-LI-PR-TR-0250,"Wet Pressure Transmitter, 0-250 kPa",203.28
CP-LI-PR-TR-2500,"Wet Pressure Transmitter, 0-2500 kPa",203.28
CP-LI-PR-TR-4000,"Wet Pressure Transmitter, 0-4000 kPa",203.28
CP-LI-PR-TR-0600,"Wet Pressure Transmitter, 0-600 kPa",191.67
SXWSWWORK00002,"WorkStation Pro,1user,no maint",5709.62
SXWASPXEN10001,XENTA TO AS-P ADAPTER,741.8
9141045000,ZDB-LF Angle of rotation limit,20.48
SXWREZBDALI110001,Zigbee- 0-10V Dim module,334.07
SXWREZB010110001,Zigbee- DALI Dim module,334.07
8455100000,ZONE ACTUATOR 6 5MM MZ18A (845,244.92
VM2323P33A000,ZV .75IN 2W 4CV PRGT NSR 24V,192.79
